ID,Type,Title,Status,Reason,Authors,Abstract,Categories,Published,DOI,PDF URL
ieee:5286314,journal,Improving Burst Error Tolerance of LDPC-Centric Coding Systems in Read Channel,⬜ 미선별,,"Ningde Xie, Tong Zhang, Erich F. Haratsch","We report on the use of low-density parity check (LDPC)-centric error correction coding (ECC) for magnetic recording read channel in the presence of significant burst errors. Since an LDPC code by itself is severely vulnerable to burst errors due to its soft-decision probability-based decoding, we focus on LDPC-centric concatenated coding in which LDPC code is used as inner code. To improve the burst error tolerance, we propose a hybrid LDPC-centric concatenated coding strategy in which one inner LDPC codeword is replaced by another codeword with much stronger burst error correction capability. This special inner codeword reveals the burst error location information, which can be leveraged by the inner LDPC code decoding to largely improve the overall robustness to burst errors. Using a hybrid BCH-LDPC/RS concatenated coding system as a test vehicle, we demonstrate a significant performance advantage over its RS-only and LDPC-only counterparts in the presence of three different types of burst errors.",,March 2010,10.1109/TMAG.2009.2034012,https://ieeexplore.ieee.org/document/5286314
ieee:5426595,journal,Nonbinary LDPC codes constructed based on a cyclic MDS code and a low-complexity nonbinary message-passing decoding algorithm,⬜ 미선별,,"Chao Chen, Baoming Bai, Xinmei Wang, Ming Xu","In this letter, we propose a construction of nonbinary quasi-cyclic low-density parity-check (QC-LDPC) codes based on a cyclic maximum distance separable (MDS) code. The parity-check matrices are significantly rank deficient square matrices and their Tanner graphs have a girth of at least 6. The minimum distances of the codes are very respectable as far as LDPC codes are concerned. Based on plurality voting and iterative mechanism, a low-complexity nonbinary massage-passing decoding algorithm is proposed. It only requires finite field operations, integer additions and integer comparisons. Simulation results show that the decoding algorithm is fit for the proposed codes, providing efficient trade-offs between performance and decoding complexity, which suggests that the coding scheme may find some applications in communication or storage systems with high-speed and low-power consumption requirements.",,March 2010,10.1109/LCOMM.2010.03.092296,https://ieeexplore.ieee.org/document/5426595
ieee:5429143,journal,Capacity-Achieving Codes With Bounded Graphical Complexity and Maximum Likelihood Decoding,⬜ 미선별,,"Chun-Hao Hsu, Achilleas Anastasopoulos","In this paper, the existence of capacity-achieving codes for memoryless binary-input output-symmetric (MBIOS) channels under maximum-likelihood (ML) decoding with bounded graphical complexity is investigated. Graphical complexity of a code is defined as the number of edges in the graphical representation of the code per information bit and is proportional to the decoding complexity per information bit per iteration under iterative decoding. Irregular repeat-accumulate (IRA) codes are studied first. Utilizing the asymptotic average weight distribution (AAWD) of these codes and invoking Divsalar's bound on the binary-input additive white Gaussian noise (BIAWGN) channel, it is shown that simple nonsystematic IRA ensembles outperform systematic IRA and regular low-density parity-check (LDPC) ensembles with the same graphical complexity, and are at most 0.124 dB away from the Shannon limit. However, a conclusive result as to whether these nonsystematic IRA codes can really achieve capacity cannot be reached. Motivated by this inconclusive result, a new family of codes is proposed, called low-density parity-check and generator matrix (LDPC-GM) codes, which are serially concatenated codes with an outer LDPC code and an inner low-density generator matrix (LDGM) code. It is shown that these codes can achieve capacity on any MBIOS channel using ML decoding and also achieve capacity on any BEC using belief propagation (BP) decoding, both with bounded graphical complexity. Moreover, it is shown that, under certain conditions, these capacity-achieving codes have linearly increasing minimum distances and achieve the asymptotic Gilbert–Varshamov bound for all rates.",,March 2010,10.1109/TIT.2009.2039084,https://ieeexplore.ieee.org/document/5429143
ieee:5429123,journal,Burst Decoding of Cyclic Codes Based on Circulant Parity-Check Matrices,⬜ 미선별,,"Shumei Song, Shu Lin, Khaled Abdel-Ghaffar, Zhi Ding, Wai H. Fong, Marc P. C. Fossorier","An error-burst correcting algorithm is developed based on a circulant parity-check matrix of a cyclic code. The proposed algorithm is more efficient than error trapping if the code rate is less than about 2/3. It is shown that for any (n, k) cyclic code, there is an n × n circulant parity-check matrix such that the algorithm, applied to this matrix, corrects error bursts of lengths up to the error-burst correction limit of the cyclic code. This same matrix can be used to efficiently correct erasure bursts of lengths up to n - k. The error-burst correction capabilities of a class of cyclic low-density parity-check (LDPC) codes constructed from finite geometries are also considered.",,March 2010,10.1109/TIT.2009.2039043,https://ieeexplore.ieee.org/document/5429123
ieee:5357453,journal,Improved Decoding Algorithm of Bit-Interleaved Coded Modulation for LDPC Code,⬜ 미선별,,"Ying Wang, Lei Xie, Huifang Chen, Kuang Wang","Bit-interleaved coded modulation (BICM), which has been proven to be powerful when applied in low-density parity-check (LDPC) sum-product algorithm (SPA) decoder, is a bandwidth efficient coding scheme. However, the BICM-SPA decoder does not take the statistical dependencies between bits from the same L-ary modulated symbol into account so that it cannot converge to the maximum a-posteriori (MAP) decoding algorithm. In this paper, an improved SPA decoding algorithm for the LDPC code, which combines decoding and demodulation, is proposed. The proposed decoding algorithm, referred to as the BICM-ISPA, is based on generalized distributive law and derived from the generalized symbol SPA under certain rational assumptions. And the BICM-ISPA can asymptotically converge to the MAP decoding solution algorithm. Simulation results show that the BICM-ISPA decoder jointly optimizes the decoding error performance and the computational complexity of the LDPC code over the additive white Gaussian noise channel. Compared with the BICM-SPA decoder, the advantage of the BICM-ISPA is quite significant with a large modulation size and in the scenario where Gray mapping cannot be used.",,March 2010,10.1109/TBC.2009.2036950,https://ieeexplore.ieee.org/document/5357453
ieee:4814500,journal,Design of High-Throughput Fully Parallel LDPC Decoders Based on Wire Partitioning,⬜ 미선별,,"Naoya Onizawa, Takahiro Hanyu, Vincent C. Gaudet","We present a method to design high-throughput fully parallel low-density parity-check (LDPC) decoders. With our method, a decoder's longest wires are divided into several short wires with pipeline registers. Log-likelihood ratio messages transmitted along with these pipelined paths are thus sent over multiple clock cycles, and the decoder's critical path delay can be reduced while maintaining comparable bit error rate performance. The number of registers inserted into paths is estimated by using wiring information extracted from initial placement and routing information with a conventional LDPC decoder, and thus only necessary registers are inserted. Also, by inserting an even number of registers into the longer wires, two different codewords can be simultaneously decoded, which improves the throughput at a small penalty in area. We present our design flow as well as post-layout simulation results for several versions of a length-1024, (3,6)-regular LDPC code. Using our technique, we achieve a maximum uncoded throughput of 13.21 Gb/s with an energy consumption of 0.098 nJ per uncoded bit at E b/N0 = 5 dB. This represents a 28% increase in throughput, a 30% decrease in energy per bit, and a 1.6% increase in core area with respect to a conventional parallel LDPC decoder, using a 90-nm CMOS technology.",,March 2010,10.1109/TVLSI.2008.2011360,https://ieeexplore.ieee.org/document/4814500
ieee:5426513,journal,Design of bandwidth-efficient unequal error protection LDPC codes,⬜ 미선별,,"Sara Sandberg, Neele Von Deetzen","This paper presents a strategy for the design of bandwidth-efficient LDPC codes with unequal error protection. Bandwidth efficiency is obtained by appropriately designing the codes for higher order constellations, assuming an AWGN channel. The irregularities of the LDPC code are designed, using the Gaussian approximation of the density evolution, to enhance the unequal error protection property of the code as well as account for the different bit error probabilities given by the higher order constellation. The proposed code design algorithm is flexible in terms of the number and proportions of protection classes. It also allows arbitrary modulation schemes. Our method combines the design of unequal error protection LDPC codes for the binary input AWGN channel with the code design for higher order constellations by dividing the variable node degree distribution into sub-degree distributions for each protection class and each level of protection from the modulation. The results show that appropriate code design for higher order constellations reduces the overall bit-error rate significantly. Furthermore, the unequal error protection capability of the code is increased, especially for high SNR.",,March 2010,10.1109/TCOMM.2010.03.0800352,https://ieeexplore.ieee.org/document/5426513
ieee:5429117,journal,Lossy Source Compression Using Low-Density Generator Matrix Codes: Analysis and Algorithms,⬜ 미선별,,"Martin J. Wainwright, Elitza Maneva, Emin Martinian","We study the use of low-density generator matrix (LDGM) codes for lossy compression of the Bernoulli symmetric source. First, we establish rigorous upper bounds on the average distortion achieved by check-regular ensemble of LDGM codes under optimal minimum distance source encoding. These bounds establish that the average distortion using such bounded degree families rapidly approaches the Shannon limit as the degrees are increased. Second, we propose a family of message-passing algorithms, ranging from the standard belief propagation algorithm at one extreme to a variant of survey propagation algorithm at the other. When combined with a decimation subroutine and applied to LDGM codes with suitably irregular degree distributions, we show that such a message-passing/decimation algorithm yields distortion very close to the Shannon rate-distortion bound for the binary symmetric source.",,March 2010,10.1109/TIT.2009.2039160,https://ieeexplore.ieee.org/document/5429117
ieee:5415775,journal,Architecture and Implementation of a First-Generation Iterative Detection Read Channel,⬜ 미선별,,"Richard L. Galbraith, Travis Oenning, Michael Ross, Bruce Wilson, Ivana Djurdjevic, Jihoon Park","This paper explores the architecture of a first-generation iterative detection read channel solution that delivers up to an 8% increase in drive capacity compared to previous generation electronics. Using low density parity check (LDPC) coding, detected data is continually improved by a detection structure that implements multiple iterations through a set of soft-input soft-output (SISO) and message-passing (MP) blocks. A specially constructed LDPC code is used to optimize performance in the presence of inter-symbol interference (ISI). Also, Reed-Solomon error correction coding (ECC) is retained for optimal data integrity. A 65 nm technology is used in the implementation of this design.",,March 2010,10.1109/TMAG.2009.2038803,https://ieeexplore.ieee.org/document/5415775
ieee:5290078,journal,Joint Nonlinear Channel Equalization and Soft LDPC Decoding With Gaussian Processes,⬜ 미선별,,"Pablo M. Olmos, Juan José Murillo-Fuentes, Fernando Perez-Cruz","In this paper, we introduce a new approach for nonlinear equalization based on Gaussian processes for classification (GPC). We propose to measure the performance of this equalizer after a low-density parity-check channel decoder has detected the received sequence. Typically, most channel equalizers concentrate on reducing the bit error rate, instead of providing accurate posterior probability estimates. We show that the accuracy of these estimates is essential for optimal performance of the channel decoder and that the error rate output by the equalizer might be irrelevant to understand the performance of the overall communication receiver. In this sense, GPC is a Bayesian nonlinear classification tool that provides accurate posterior probability estimates with short training sequences. In the experimental section, we compare the proposed GPC-based equalizer with state-of-the-art solutions to illustrate its improved performance.",,March 2010,10.1109/TSP.2009.2034941,https://ieeexplore.ieee.org/document/5290078
ieee:5427449,journal,Analysis and optimization of a rateless coded joint relay system,⬜ 미선별,,"Chen Gong, Guosen Yue, Xiaodong Wang","We consider the code design for a half-duplex 4-node joint relay system with two sources, one relay, and one destination. The relay combines the information from both sources and transmits it to the destination together with both sources. We consider two coding schemes for information combining at the relay, namely, the superposition coding (SC) and the Raptor coding (RC). The Raptor codes are employed at the sources as well as the relay. The relay and the destination perform iterative a posteriori probability (APP) detection and soft Raptor decoding. For both SC and RC, the profiles for Raptor codes are optimized based on the extrinsic information transfer (EXIT) function analysis. For both the additive white Gaussian noise (AWGN) and block fading channels, the joint relay system with optimized profiles exhibits significant performance gains over that employing the code profile optimized for either the singleuser AWGN channel or the 2-user multiple-access channel.",,March 2010,10.1109/TWC.2010.03.090736,https://ieeexplore.ieee.org/document/5427449
ieee:5352256,journal,Sparse Channel Estimation for Multicarrier Underwater Acoustic Communication: From Subspace Methods to Compressed Sensing,⬜ 미선별,,"Christian R. Berger, Shengli Zhou, James C. Preisig, Peter Willett","In this paper, we investigate various channel estimators that exploit channel sparsity in the time and/or Doppler domain for a multicarrier underwater acoustic system. We use a path-based channel model, where the channel is described by a limited number of paths, each characterized by a delay, Doppler scale, and attenuation factor, and derive the exact inter-carrier-interference (ICI) pattern. For channels that have limited Doppler spread we show that subspace algorithms from the array processing literature, namely Root-MUSIC and ESPRIT, can be applied for channel estimation. For channels with Doppler spread, we adopt a compressed sensing approach, in form of Orthogonal Matching Pursuit (OMP) and Basis Pursuit (BP) algorithms, and utilize overcomplete dictionaries with an increased path delay resolution. Numerical simulation and experimental data of an OFDM block-by-block receiver are used to evaluate the proposed algorithms in comparison to the conventional least-squares (LS) channel estimator. We observe that subspace methods can tolerate small to moderate Doppler effects, and outperform the LS approach when the channel is indeed sparse. On the other hand, compressed sensing algorithms uniformly outperform the LS and subspace methods. Coupled with a channel equalizer mitigating ICI, the compressed sensing algorithms can effectively handle channels with significant Doppler spread.",,March 2010,10.1109/TSP.2009.2038424,https://ieeexplore.ieee.org/document/5352256
ieee:5427418,journal,Rateless coding for hybrid free-space optical and radio-frequency communication,⬜ 미선별,,"Ali Abdulhussein, Anand Oka, Trung Thanh Nguyen, Lutz Lampe","Free-space optical (FSO) transmission systems enable high-speed communication with relatively small deployment costs. However, FSO suffers a critical disadvantage, namely susceptibility to fog, smoke, and conditions alike. A possible solution to this dilemma is the use of hybrid systems employing FSO and radio frequency (RF) transmission. In this paper we propose the application of a rateless coded automatic repeatrequest scheme for such hybrid FSO/RF systems. The advantages of our approach are (a) the full utilization of available FSO and RF channel resources at any time, regardless of FSO or RF channel conditions and temporal variations, and (b) no need for a-priori rate selection at the transmitter. In order to substantiate these claims, we establish the pertinent capacity limits for hybrid FSO/RF transmission and present simulation results for transmission with off-the-shelf Raptor codes, which achieve realized rates close to these limits under a wide range of channel conditions. We also show that in conditions of strong atmospheric turbulence, rateless coding is advantageous over fixed-rate coding with rate adaptation at the transmitter.",,March 2010,10.1109/TWC.2010.03.090108,https://ieeexplore.ieee.org/document/5427418
ieee:5378535,journal,Drizzle: Cooperative Symbol-Level Network Coding in Multichannel Wireless Networks,⬜ 미선별,,"Ronny Yongho Kim, Jin Jin, Baochun Li","Errors are inherently present in unreliable wireless channels. The primary challenge in designing error-control protocols in the medium-access control (MAC) or physical layer is to effectively maximize achievable throughput in wireless networks, even when unpredictable and time-varying errors exist. Network coding has successfully been applied to improve throughput in IEEE 802.11-based wireless networks with a shared broadcast channel. In state-of-the-art physical-layer designs in multichannel wireless networks [such as IEEE 802.16 Worldwide Interoperability for Microwave Access (WiMAX)], however, the convenience of a shared wireless broadcast channel to perform opportunistic listening no longer exists, and hybrid automatic repeat request (HARQ) is the predominant error-control protocol in the physical layer, rather than plain automatic repeat request in IEEE 802.11 MAC. Would network coding be well employed in multichannel wireless networks and able to bring further improvements over HARQ? This paper proposes Drizzle, which is a new solution to maximizing throughput with the presence of errors, which takes advantage of network coding at the symbol level in multichannel wireless networks. By operating at the symbol level and using soft-decision values, we show that Drizzle is able to exploit both time and cooperative diversity in realistic multichannel wireless networks, to adapt to time-varying and bursty channel errors, and to efficiently collect as many correct symbols as possible at the receiver.",,March 2010,10.1109/TVT.2010.2040095,https://ieeexplore.ieee.org/document/5378535
ieee:5325696,journal,Linear Precoder Design Through Cut-Off Rate Maximization in MIMO-OFDM Coded Systems With Imperfect CSIT,⬜ 미선별,,"Francesc Rey, Meritxell Lamarca, Gregori Vazquez","This paper proposes a linear transmitter design that aims at minimizing the packet error rate (PER) using partial channel state information at the transmitter (CSIT). The design is based on the maximization of the channel cut-off rate, which provides an upper bound on the codeword error probability over the ensemble of random codes. The advantage of this optimization criterion is that it allows to get a low PER while keeping the design independent of the specific channel code used in the system. The algorithm is derived for a multiple-input multiple-output (MIMO) orthogonal frequency division multiplexing (OFDM) system, and adopts a Bayesian approach to design an algorithm robust to CSI errors. The proposed algorithm converges to the open-loop transmission scheme for the case of no channel knowledge and it converges to the closed-loop design with perfect CSI for the case of no uncertainty. Simulation results evidence the performance gain in terms of PER and throughput of the proposed algorithm when compared to more commonly used optimization criteria.",,March 2010,10.1109/TSP.2009.2036479,https://ieeexplore.ieee.org/document/5325696
ieee:5429132,journal,A Linear Encoding Approach to Index Assignment in Lossy Source-Channel Coding,⬜ 미선별,,"Maria Fresia, Giuseppe Caire","We present a general scheme for the lossy transmission of a source with arbitrary statistics through a noisy channel under the mean-square error fidelity criterion. Our approach is based on transform coding, scalar quantization of the transform coefficients and linear encoding of the quantization indices. Entropy coding and channel coding are merged into a single linear encoding function, such that the ¿catastrophic¿ behavior of conventional entropy coding is avoided and the full power of modern coding techniques and iterative ¿Belief-Propagation¿ decoding can be exploited. We show that this approach is asymptotically optimal in the limit of large block length, for arbitrary source statistics and binary-input output-symmetric channel. In the practical regime of finite block length and low decoding complexity, we show, through the explicit construction of codes for the lossy transmission of digital images over a binary symmetric channel, that our approach yields significant improvements with respect to previously proposed channel-optimized quantization schemes and also with respect to the conventional concatenation of state-of-the art image coding with state-of-the art channel coding. Although our constructive example focuses on a special case, the approach is general and can be applied to other classes of sources of practical interest.",,March 2010,10.1109/TIT.2009.2039082,https://ieeexplore.ieee.org/document/5429132
ieee:5426519,journal,Randomized parity forwarding in large-scale cooperative broadcast network,⬜ 미선별,,Sang Wu Kim,"We present a randomized cooperative broadcasting technique that is flexible to topology changes and robust to transmission errors in large-scale wireless networks. A single source sends a common message (codeword) to all nodes, and those nodes that decode the message correctly then generate a parity bit (a partial information on the message) and broadcast it to the remaining nodes. The remaining nodes integrate the original codeword from the source with the network-generated parity bits to construct a lower rate, and thus more powerful, error correcting code. The protocol overhead is significantly reduced by allowing each node to randomly generate a parity bit independent of other nodes. We show that the probability of decoding error decreases exponentially with the number of nodes in the network, and that the performance degradation relative to the deterministic parity generation (that requires a centralized coordination of nodes) becomes smaller as the number of nodes increases. We also show that the proposed approach enables all nodes to correctly receive the message within the first cooperation stage if the number of nodes is sufficiently large. Hence, the proposed approach is promising for applications in large-scale wireless broadcast networks.",,March 2010,10.1109/TCOMM.2010.03.070579,https://ieeexplore.ieee.org/document/5426519
ieee:5456917,conference,SimTag: Exploiting tag bits similarity to improve the reliability of the data caches,⬜ 미선별,,"Jesung Kim, Soontae Kim, Yebin Lee","Though tag bits in the data caches are vulnerable to transient errors, few effort has been made to reduce their vulnerability. In this paper, we propose to exploit prevalent same tag bits to improve error protection capability of the tag bits in the data caches. When data are fetched from the main memory, it is checked if adjacent cache lines have the same tag bits as those of the data fetched. This similarity information is stored in the data caches as extra bits to be used later. When an error is detected in the tag bits, the similarity information is used to recover from the error in the tag bits. The proposed scheme has small area, energy, and performance overheads with error protection coverage of 97.9% on average. In contrast, the previously proposed In-Cache Replication scheme is shown to incur large performance and energy overheads.",,8-12 March,10.1109/DATE.2010.5456917,https://ieeexplore.ieee.org/document/5456917
ieee:5446927,conference,Performance of low-density parity-check coded modulation,⬜ 미선별,,Jon Hamkins,"This paper reports the performance of a family of nine accumulate-repeat-4-jagged-accumulate (AR4JA) low-density parity-check (LDPC) codes [4] when used in conjunction with binary phase-shift-keying (BPSK), quadrature PSK (QPSK), 8-PSK, 16-ary amplitude PSK (16-APSK), and 32-APSK. We also report the performance under various mappings of bits to modulation symbols, hard decision decoding, log-likelihood ratio (LLR) approximations, and decoder iterations. One of the simple and well-performing LLR approximations can be expressed in a general equation that applies to all of the modulation types.",,6-13 March,10.1109/AERO.2010.5446927,https://ieeexplore.ieee.org/document/5446927
ieee:5446955,conference,Optical communications performance of hybrid 34-meter microwave antennas,⬜ 미선별,,"V. Vilnrotter, D. Hoppe, B. Moision, J. Charles","There is considerable interest in determining whether suitably modified versions of existing 34-meter antennas at NASA's Goldstone Communications Complex, originally designed for X-band (nominally 8 GHz) and Ka-band (32 GHz) operation, could also be used to receive near-infrared optical signals. The robust backup structure of these antennas, together with extremely large collecting apertures and milli-degree pointing capabilities suggest that dual RF/Optical communications may indeed be possible, at optical data-rates approaching 1 gigabit per second (GBPS) from typical Mars distances. Several design concepts have emerged as possible candidates, requiring modifications ranging from polishing and coating of the existing aluminum panels of the main reflector, to significant redesign involving replacement of the panels with optical reflectors. Optical receiver parameters such as collecting area, field-of-view (FOV), and immunity to reflected sunlight differ markedly for each design concept, hence will likely lead to different levels of performance in terms of data-throughput at a given BER, and in terms of the ability to point close to the sun. The communications performance of two candidate design concepts operating under realistic daytime conditions is evaluated, with particular emphasis on spatial and temporal acquisition algorithms and receiver optimization to achieve the best possible communication performance at high data rates.",,6-13 March,10.1109/AERO.2010.5446955,https://ieeexplore.ieee.org/document/5446955
ieee:5463402,conference,λ-min algorithm using TAP approach,⬜ 미선별,,"M. Abdelhedi, O. Hamdi, A. Bouallegue","In this paper, we present the decoding algorithms of Low-density parity-check (LDPC) codes using statistical physics arguments. Previous works, have shown that the Belief-Propagation (BP) algorithm, is equivalent to the Thouless-Anderson-Palmer (TAP) [1] approach. In this paper, we develop the log-likelihood ratios-Belief Propagation (LLR-BP) algorithm and its simplification, the λ-min algorithm using this method developed in the study of disordered systems. The obtained results by simulation confirm that the λ-min algorithm gets closer to the LLR-BP algorithm as λ increases.",,3-5 March ,10.1109/ISCCSP.2010.5463402,https://ieeexplore.ieee.org/document/5463402
ieee:5463488,conference,A DVB-T2 receiver realization based on a software-defined radio concept,⬜ 미선별,,"Christian Kocks, Alexander Viessmann, Andreas Waadt, Christoph Spiegel, Admir Burnic, Guido H. Bruck, Peter Jung, Jaeyoel Kim, YeonJu Lim, Hyeon Woo Lee","When DVB-T (Digital Video Broadcasting - Terrestrial) was introduced in the 1990s, it was impossible to foresee the upcoming demand for HDTV devices. Thus, a revision of this broadcasting standard, namely DVB-T2, was necessary. Recently finalized, this standard is targeting to high-definition television (HDTV). To pave the way to commercialization, an appropriate implementation concept and its corresponding validation are of utmost importance. Without a doubt, the most challenging requirements introduced by the DVB-T2 specification are an FFT (Fast Fourier Transform) size of up to 32k samples, 256-QAM (Quadrature Amplitude Modulation) and LDPC (Low-Density Parity-Check) coding with a block size of 64800 bits. Within this manuscript, the authors present a software-defined radio based realization of a demonstrator platform. This platform employs a combined DSP (Digital Signal Processor) and FPGA (Field-Programmable Gate Array) solution being capable of meeting these requirements.",,3-5 March ,10.1109/ISCCSP.2010.5463488,https://ieeexplore.ieee.org/document/5463488
ieee:5463299,conference,Adaptive channel coding for the three-node relay channel with limited channel-state information,⬜ 미선별,,"Zhongwei Si, Ragnar Thobaben, Mikael Skoglund","We address the design of adaptive channel codes for the three-node relay channel. In order to make the code design feasible for wireless sensor-network (WSN) applications, we focus on the special case where only limited channel-state information is available for code adaptation. For this purpose we design distributed codes which feature a limited set of modes which are optimized to serve a certain range of channel conditions. As the results show, a good performance in terms of coverage and achievable rate is maintained compared to the case with perfect channel-state information. If the target application is spectrum sensing, the proposed scheme provides a feasible solution to improve the sensing performance and to reduce the latency due to its increased data rate compared to standard solutions.",,3-5 March ,10.1109/ISCCSP.2010.5463299,https://ieeexplore.ieee.org/document/5463299
ieee:5479907,conference,Coded CP-SC communication scheme for outdoor power line communications,⬜ 미선별,,"Filipe A. La-Gatta, Moisés V. Ribeiro, Andrei P. Legg, Renato Machado","In this paper, we consider a cyclic prefixed single-carrier communication scheme with frequency domain equalization (CP-SC) and low-density parity check code (LDPC) over power line communication (PLC) channel. The aim is to evaluate the error performance when the PLC channel is corrupted by impulsive noise. The simulation results show that the best performance is obtained when the LDPC code is considered in association with the frequency domain equalizer based on the MMSE criterion. Additionaly, comparative results between the CP-SC and SC-DFE are presented. The results indicate that CP-SC with FDE-MMSE offer better performance than SC-DFE. Moreover, we present a simulation result that indicates that if the channel decoder has correct information about the impulsive noise variance, then error performance improvements can be obtained.",,28-31 Marc,10.1109/ISPLC.2010.5479907,https://ieeexplore.ieee.org/document/5479907
ieee:5486894,conference,An improved implementation scheme based on BICM for IBOC-AM,⬜ 미선별,,"Liu Shuyang, Yang Gang, Li Jianping","This paper proposes an improved channel coding scheme based on bit-interleaved coded modulation (BICM) for in-band on-channel amplitude modulation (IBOC-AM). It can yield better coding gains than traditional scheme over Rayleigh fading channels. Generally, BICM embedded LDPC code for IBOC (BICM-L) has better coding performances than BICM embedded convolutional codes for IBOC (BICM-C), which has been proved to be an advanced scheme. However, there is a zone named blind-zone existing in the region of SNRs, where the performance gains of BICM-L with high-order modulation are worse than BICM-C. To achieve an improved performance, for the blind-zone?? BICM-L is replaced by BICM-C in this improved scheme. Simulation results confirm that, by using the proposed improved scheme, a better performance gains up to 0.3 dB can be achieved for the blind-zone between 4 dB SNR and 5.1 dB SNR, while an additional gains about 4 dB can be achieved in regions of high SNRs.",,27-29 Marc,10.1109/ICACC.2010.5486894,https://ieeexplore.ieee.org/document/5486894
ieee:5453449,conference,Rate-Compatible Slepian-Wolf Coding with Short Non-Binary LDPC Codes,⬜ 미선별,,"Kenta Kasai, Takayuki Tsujimoto, Ryutaroh Matsumoto, Kohichi Sakaniwa","Rate-compatible asymmetric Slepian-Wolf coding with non-binary LDPC codes of moderate code length is presented.The proposed encoder and decoder use only one single mother code.With the proposed scheme, better compressed rate and lower error rate than those ofconventional scheme are achieved with even smaller source length.",,24-26 Marc,10.1109/DCC.2010.96,https://ieeexplore.ieee.org/document/5453449
ieee:5453535,conference,Theoretically Optimal Low-Density Parity-Check Code Ensemble for Gallager's Decoding Algorithm A,⬜ 미선별,,"Feng Wu, Peiwen Yu","For a class of low-density parity-check (LDPC) code ensembles with right node degrees as binomial distribution, this paper proves that the theoretically optimal LDPC code ensemble should be regular for a binary-symmetric channel (BSC) and Gallager’s decoding algorithm A. Our proof consists of two steps. First, with the assumption of right edge degrees as binomial, we prove that the LDPC threshold of single left edge degree is larger than that of multiple left edge degrees. Second, we verify that the LDPC threshold is the largest when binomial distribution of right node degrees degrades to single value. Very interestingly, although both right and left edge degrees are unique in the theoretically optimal LDPC code ensemble, they are floating values. When the floating degrees are approximated by a two-term binomial distribution, the threshold at half rate is exactly the same as Bazzi’s result via linear programming. It verifies our proof from another angle",,24-26 Marc,10.1109/DCC.2010.84,https://ieeexplore.ieee.org/document/5453535
ieee:5463150,conference,Fast implementation of Wyner-Ziv Video codec using GPGPU,⬜ 미선별,,"Ryanggeun Oh, Jongbin Park, Byeungwoo Jeon","In this paper, we report a fast implementation of Wyner-Ziv video decoder using general-purpose computing on graphics processing units (GPGPU). Despite of its many advantages, Wyner-Ziv video coding has a problem of huge decoding complexity. Since Slepian-Wolf decoding with rate adaptive LDPC accumulate code takes up more than 90% of entire Wyner-Ziv video decoding complexity, in this paper, we focus on fast implementation of the Slepian-Wolf decoder using the CUDA (Compute Unified Device Architecture) which is a GPGPU architecture developed by NVIDIA. Our implementation is shown to be 4~5 times (QCIF size) or 15~20 times (CIF size) faster compared to conventional Slepian-Wolf decoding.",,24-26 Marc,10.1109/ISBMSB.2010.5463150,https://ieeexplore.ieee.org/document/5463150
ieee:5453501,conference,Analysis of LDPC Codes for Compression of Nonuniform Sources with Side Information Using Density Evolution,⬜ 미선별,,"Raghunadh K. Bhattar, K. R. Ramakrishnan, K. S. Dasgupta","In this paper, we explore the use of LDPC codes for nonuniform sources under distributed source coding paradigm. Our analysis reveals that several capacity approaching LDPC codes indeed do approach the Slepian-Wolf bound for nonuniform sources as well. The Monte Carlo simulation results show that highly biased sources can be compressed to 0.049 bits/sample away from Slepian-Wolf bound for moderate block lengths.",,24-26 Marc,10.1109/DCC.2010.65,https://ieeexplore.ieee.org/document/5453501
ieee:5453526,conference,LDPC Codes for Information Embedding and Lossy Distributed Source Coding,⬜ 미선별,,Mina Sartipi,"Inspired by our recent work on lossy distributed source coding with side information available at the decoder, we propose a practical scheme for information embedding system with side information available at the encoder. Our proposed scheme is based on sending parity bits using LDPC codes. We provide a design procedure for the LDPC code that guarantees performance close to the Gelfand-Pinsker and Wyner-Ziv limits. Using simulation results, we show that the proposed method performs close to both Wyner-Ziv and Gelfand-Pinsker theoretical limits for even short length codes.",,24-26 Marc,10.1109/DCC.2010.87,https://ieeexplore.ieee.org/document/5453526
ieee:5453440,conference,Maximum Mutual Information Vector Quantization of Log-Likelihood Ratios for Memory Efficient HARQ Implementations,⬜ 미선별,,"Matteo Danieli, Søren Forchhammer, Jakob Dahl Andersen, Lars P. B. Christensen, Søren Skovgaard Christensen","Modern mobile telecommunication systems, such as 3GPP LTE, make use of Hybrid Automatic Repeat reQuest (HARQ) for efficient and reliable communication between base stationsand mobile terminals. To this purpose, marginal posterior probabilities of the received bits are stored in the form of log-likelihood ratios (LLR) in order to combine information sent across different transmissions due to requests. To mitigate the effects of ever-increasing data rates that call for larger HARQ memory, vector quantization (VQ) is investigated as a technique for temporary compression of LLRs on the terminal. A capacity analysis leads to using maximum mutual information (MMI) as optimality criterion and in turn Kullback-Leibler (KL) divergence as distortion measure. Simulations run based on an LTE-like system have proven that VQ can be implemented in a computationally simple way at low rates of 2-3 bits per LLR value without compromising the system throughput.",,24-26 Marc,10.1109/DCC.2010.98,https://ieeexplore.ieee.org/document/5453440
ieee:5453483,conference,Tanner Graph Based Image Interpolation,⬜ 미선별,,"Ruiqin Xiong, Wen Gao","This paper interprets image interpolation as a channel decoding problem and proposes a tanner graph based interpolation framework, which regards each pixel in an image as a variable node and the local image structure around each pixel as a check node. The pixels available from low-resolution image are ""received"" whereas other missing pixels of highresolution image are ""erased"", through an imaginary channel. Local image structures exhibited by the low-resolution image provide information on the joint distribution of pixels in a small neighborhood, and thus play the same role as parity symbols in the classic channel coding scenarios. We develop an efficient solution for the sum-product algorithm of belief propagation in this framework, based on a gaussian auto-regressive image model. Initial experiments show up to 3dB gain over other methods with the same image model. The proposed framework is flexible in message processing at each node and provides much room for incorporating more sophisticated image modelling techniques.",,24-26 Marc,10.1109/DCC.2010.40,https://ieeexplore.ieee.org/document/5453483
ieee:5453435,conference,Rate Distortion Bounds for Binary Erasure Source Using Sparse Graph Codes,⬜ 미선별,,"Grégory Demay, Vishwambhar Rathi, Lars K. Rasmussen","We consider lower bounds on the rate-distortion performance for the binary erasure source(BES) introduced by Martinian and Yedidia, using sparse graph codes for compression. Our approach follows that of Kudekar and Urbanke, where lower bounds on the rate distortion performance of low-density generator matrix (LDGM) codes for the binary symmetric source(BSS) are derived. They introduced two methods for deriving lower bounds, namely the counting method and the test channel method. Based on numerical results they observed that the two methods lead to the same bound. We generalize these two methods for the BES and prove that indeed both methods lead to identical rate-distortion bounds for the BES and hence, also forthe BSS.",,24-26 Marc,10.1109/DCC.2010.95,https://ieeexplore.ieee.org/document/5453435
ieee:5450549,conference,Using time-aware memory sensing to address resistance drift issue in multi-level phase change memory,⬜ 미선별,,"Wei Xu, Tong Zhang","Because of its great scalability potential and support of multi-level per cell storage, phase change memory has become a topic of great current interest. However, recent studies show that structural relaxation effect makes the resistance of phase change material drift over the time, which can severely degrade multi-level phase change memory storage reliability. This paper studies the potential of using a time-aware memory sensing strategy to address this challenge. The basic idea is to keep track of memory content lifetime and, when memory is being read, accordingly adjust the memory sensing configuration to minimize the negative impact of time-dependent resistance drift on memory storage reliability. Because multi-level phase change memory may demand the use of powerful error correction code (ECC) whose decoding can request either hard-decision or soft-decision log-likelihood (LLR) memory sensing, we discuss both hard-decision and soft-decision time-aware memory sensing in details. Using BCH code and LDPC code as ECC for 4-level/cell and 8-level/cell phase change memory, we carry out simulations and the results show that, compared with time-independent static memory sensing, time-aware memory sensing can increase allowable memory content lifetime by several orders of magnitude.",,22-24 Marc,10.1109/ISQED.2010.5450549,https://ieeexplore.ieee.org/document/5450549
ieee:5450467,conference,On the design of different concurrent EDC schemes for S-Box and GF(p),⬜ 미선별,,"J. Mathew, H. Rahaman, A. M. Jabir, S. P. Mohanty, Dhiraj K. Pradhan","Recent studies have shown that an attacker can retrieve confidential information from cryptographic hardware (e.g. the secret key) by introducing internal faults. A secure and reliable implementation of cryptographic algorithms in hardware must be able to detect or correct such malicious attacks. Error detection/correction (EDC), through fault tolerance, could be an effective way to mitigate such fault attacks in cryptographic hardware. To this end, we analyze the area, delay, and power overhead for designing the S-Box, which is one of the main complex blocks in the Advanced Encryption Standard (AES), with error detection and correction capability. We use multiple Parity Predictions (PPs), based on various error correcting codes, to detect and correct errors. Various coding techniques are presented, which include simple parity prediction, split parity codes, Hamming, Hsiao, and LDPC codes. The S-Box, GF(p), and PP circuits are synthesized from the specifications, while the decoding and correction circuits are combined to form the complete designs. The analysis shows a comparison of the different approaches characterized by their error detection capability.",,22-24 Marc,10.1109/ISQED.2010.5450467,https://ieeexplore.ieee.org/document/5450467
ieee:5465467,conference,Concatenated QC-LDPC and SPC codes for 100 Gbps ultra long-haul optical transmission systems,⬜ 미선별,,"Norifumi Kamiya, Satomi Shioiri",We propose and investigate a novel FEC coding scheme based on a concatenation of QC-LDPC with single-parity-check codes. High performance of a Q-limit of 5.8 dB with 20.5% overhead has been achieved with FPGA-based simulations.,,21-25 Marc,10.1364/OFC.2010.OThL2,https://ieeexplore.ieee.org/document/5465467
ieee:5465469,conference,A triple-concatenated FEC using soft-decision decoding for 100 Gb/s optical transmission,⬜ 미선별,,"Yoshikuni Miyata, Kenya Sugihara, Wataru Matsumoto, Kiyoshi Onohara, Takashi Sugihara, Kazuo Kubo, Hideo Yoshida, Takashi Mizuochi",We propose a novel triple-concatenated forward error correction for 100 Gb/s transmission. Simulation shows that a net coding gain of 10.8 dB is obtained by a soft-decision LPDC code concatenated with the enhanced FEC listed in G.975.1.,,21-25 Marc,10.1364/OFC.2010.OThL3,https://ieeexplore.ieee.org/document/5465469
ieee:5465277,conference,Coded polarization-multiplexed iterative polar modulation (PM-IPM) for beyond 400 Gb/s serial optical transmission,⬜ 미선별,,"Ivan B. Djordjevic, Hussam G. Batshon, Lei Xu, Ting Wang",We propose a coded polarization-multiplexed iterative polar modulation (PM-IPM) as an enabling coded-modulation scheme for beyond 400 Gb/s serial optical transmission. We demonstrate that the proposed scheme can achieve 400 Gb/s optical transmission over 2250 km (for M = 3D16).,,21-25 Marc,10.1364/OFC.2010.OMK2,https://ieeexplore.ieee.org/document/5465277
ieee:5465466,conference,Soft decision FEC for 100G transport systems,⬜ 미선별,,"Kiyoshi Onohara, Yoshikuni Miyata, Takashi Sugihara, Kazuo Kubo, Hideo Yoshida, Takashi Mizuochi",A practical implementation of soft decision based FEC for 100 G transport systems is discussed. The keys are a stronger coding gain using triple-concatenated FEC and a multi-lane distribution architecture to improve the error correction capability.,,21-25 Marc,10.1364/OFC.2010.OThL1,https://ieeexplore.ieee.org/document/5465466
ieee:5464729,conference,Quasi-cyclic ldpc code design for block-fading channels,⬜ 미선별,,"Yueqian Li, Masoud Salehi","We investigate quasi-cyclic low-density parity-check (QC-LDPC) codes for nonergodic block-fading channels. A construction method for designing QC-LDPC codes is presented. With careful design, the proposed QC-LDPC codes exhibit the same good performance as their corresponding random root- LDPC codes introduced in using iterative belief-propagation (BP) decoding. Moreover, the structure of the proposed QCLDPC codes makes an efficient encoding method possible.",,17-19 Marc,10.1109/CISS.2010.5464729,https://ieeexplore.ieee.org/document/5464729
ieee:5464840,conference,Decoding complexity of irregular LDGM-LDPC codes over the BISOM channels,⬜ 미선별,,"Manik Raina, Predrag Spasojević",An irregular LDGM-LDPC code is studied as a sub-code of an LDPC code with some randomly punctured output-bits. It is shown that the LDGM-LDPC codes achieve rates arbitrarily close to the channel-capacity of the binary-input symmetric-output memoryless (BISOM) channel with bounded complexity. The measure of complexity is the average-degree (per information-bit) of the check-nodes for the factor-graph of the code. A lower-bound on the average degree of the check-nodes of the irregular LDGM-LDPC codes is obtained. The bound does not depend on the decoder used at the receiver. The stability condition for decoding the irregular LDGM-LDPC codes over the binary-erasure channel (BEC) under iterative-decoding with message-passing is described.,,17-19 Marc,10.1109/CISS.2010.5464840,https://ieeexplore.ieee.org/document/5464840
ieee:5464768,conference,"Estimation with random linear mixing, belief propagation and compressed sensing",⬜ 미선별,,Sundeep Rangan,"We apply Guo and Wang's relaxed belief propagation (BP) method to the estimation of a random vector from linear measurements followed by a componentwise probabilistic measurement channel. The relaxed BP method is a Gaussian approximation of standard BP that offers significant computational savings for dense measurement matrices. The main contribution of this paper is to extend Guo and Wang's relaxed BP method and analysis to general (non-AWGN) output channels. Specifically, we present detailed equations for implementing relaxed BP for general channels and show that the relaxed BP has an identical asymptotic large sparse limit behavior as standard BP as predicted by the Guo and Wang's state evolution (SE) equations. Applications are presented to compressed sensing and estimation with bounded noise.",,17-19 Marc,10.1109/CISS.2010.5464768,https://ieeexplore.ieee.org/document/5464768
ieee:5495502,conference,Partial-parallel decoder architecture for quasi-cyclic non-binary LDPC codes,⬜ 미선별,,"Xinmiao Zhang, Fang Cai","Non-binary low-density parity-check (NB-LDPC) codes can achieve better error-correcting performance than binary LDPC codes when the code length is moderate. For the first time, this paper proposes a partial-parallel decoder architecture based on the Min-max algorithm for quasi-cyclic NB-LDPC codes. A novel boundary tracking based scheme and corresponding architecture are developed to implement the elementary step of the check node processing. In addition, layered decoding is applied, and the hardware units are optimized to reduce the latency and area. This paper also introduces an overlapped method for the check node processing among different layers to further speed up the decoding. From complexity analysis, the proposed decoder with 5 iterations for a (837,726) code over GF(25) can easily achieve 60 Mbps throughput on ASIC devices. It is 40% more efficient than prior designs.",,14-19 Marc,10.1109/ICASSP.2010.5495502,https://ieeexplore.ieee.org/document/5495502
ieee:5496012,conference,Structured dirty-paper coding using low-density lattices,⬜ 미선별,,"Sang Hyun Lee, Ankit Ghiya, Sriram Vishwanath, Sung Soo Hwang, Sunghwan Kim","This paper studies dirty-paper coding in a Gaussian broadcast channel with two receivers. It finds that an approximate version of dirty-paper coding using low-density lattices can be implemented with a complexity that is polynomial-time on average in the block length. The main difference between this paper and prior work is that a non-binary LDPC-based lattice codebook is used for each user, and one codebook is aligned with the other. The low-density nature enables tractable encoding and decoding algorithms, and the alignment gives structure to the overall signal transmitted and it enables us to perform the encoding and decoding efficiently.1",,14-19 Marc,10.1109/ICASSP.2010.5496012,https://ieeexplore.ieee.org/document/5496012
ieee:5495996,conference,Adaptive nonasymmetric Slepian-Wolf decoding using particle filtering based belief propagation,⬜ 미선별,,"Samuel Cheng, Shuang Wang, Lijuan Cui","A major difficulty that plagues the practical use of Slepian-Wolf coding (and distributed source coding in general) is that the precise correlation among sources need to be known a priori. To resolve this problem, we have proposed an adaptive asymmetric Slepian-Wolf decoding scheme using particle filtering based belief propagation in our recent work. In this paper, we extend the adaptive scheme to the non-asymmetric setup based on the code partitioning approach. We show through experiments that the proposed algorithm can simultaneously reconstruct the compressed sources and estimate the joint correlation among sources. Further, comparing to the conventional Slepian-Wolf decoder based on standard belief propagation, the proposed approach can achieve higher compression under varying correlation statistics.",,14-19 Marc,10.1109/ICASSP.2010.5495996,https://ieeexplore.ieee.org/document/5495996
ieee:5495898,conference,Low density frames for compressive sensing,⬜ 미선별,,"Mehmet Akçakaya, Jinsoo Park, Vahid Tarokh","We consider the compressive sensing of a sparse or compressible signal x ∈ ℝM. We explicitly construct a class of measurement matrices, referred to as the low density frames, and develop decoding algorithms that produce an accurate estimate x even in the presence of additive noise. Low density frames are sparse matrices and have small storage requirements. Our decoding algorithms for these frames can be implemented in O(Mdvdc) complexity, where dc and dv are the row and column weight of the frame respectively. Simulation results are provided, demonstrating that our approach significantly outperforms state-of-the-art recovery algorithms for numerous cases of interest.",,14-19 Marc,10.1109/ICASSP.2010.5495898,https://ieeexplore.ieee.org/document/5495898
ieee:5495392,conference,Privacy and security of features extracted from minutiae aggregates,⬜ 미선별,,"Abhishek Nagar, Shantanu Rane, Anthony Vetro","This paper describes our recent analysis on the security and privacy of biometric feature vectors obtained from fingerprint minutiae. A large number of contiguous regions (cuboids) are selected at random in the minutiae space, and several new features are extracted from the minutiae inside each such cuboid. Specifically, the features are extracted from the average minutia coordinate within a cuboid, the standard deviation of the minutiae coordinates, and the aggregate wall distance, i.e., the sum of distance of each minutia from the boundary of the cuboids. In terms of matching performance on a public database, the feature vectors provide an equal error rate of 3 % even if the imposter is allowed to use the same local patches as the genuine user. Performance within a secure biometrics framework is evaluated by applying an LDPC code to the feature vectors and storing only the syndrome at the access control device, for use in authentication. The paper concludes with a discussion on methods to analyze security and privacy of biometric systems that use such local-aggregate-based feature vectors in a secure biometric recognition framework. This discussion highlights security attacks via template injection, spoofing, and cancelability compromises and also considers the difficulty of privacy attacks via template inversion.",,14-19 Marc,10.1109/ICASSP.2010.5495392,https://ieeexplore.ieee.org/document/5495392
ieee:5495535,conference,Static Address Generation Easing: a design methodology for parallel interleaver architectures,⬜ 미선별,,"C. Chavet, P. Coussy, P. Urard, E. Martin","For high throughput applications, turbo-like iterative decoders are implemented with parallel architectures. However, to be efficient parallel architectures require to avoid collision accesses i.e. concurrent read/write accesses should not target the same memory block. This consideration applies to the two main classes of turbo-like codes which are Low Density Parity Check (LDPC) and Turbo-Codes. In this paper we propose a methodology which finds a collision-free mapping of the variables in the memory banks and which optimizes the resulting interleaving architecture. Finally, we show through a pedagogical example the interest of our approach compared to state-of-the-art techniques.",,14-19 Marc,10.1109/ICASSP.2010.5495535,https://ieeexplore.ieee.org/document/5495535
