"Document Title",Authors,"Author Affiliations","Publication Title",Date Added To Xplore,"Publication Year","Volume","Issue","Start Page","End Page","Abstract","ISSN",ISBNs,"DOI",Funding Information,PDF Link,"Author Keywords","IEEE Terms","Mesh_Terms",Article Citation Count,Patent Citation Count,"Reference Count","License",Online Date,Issue Date,"Meeting Date","Publisher",Document Identifier
"On generalized low-density parity-check codes based on Hamming component codes","M. Lentmaier; K. S. Zigangirov","Department of Information Technology, Lund University, Lund, Sweden; Department of Information Technology, Lund University, Lund, Sweden",IEEE Communications Letters,"6 Aug 2002","1999","3","8","248","250","In this paper we investigate a generalization of Gallager's (1963) low-density (LD) parity-check codes, where as component codes single error correcting Hamming codes are used instead of single error detecting parity-check codes. It is proved that there exist such generalized low-density (GLD) codes for which the minimum distance is growing linearly with the block length, and a lower bound of the minimum distance is given. We also study iterative decoding of GLD codes for the communication over an additive white Gaussian noise channel. The performance in terms of the bit error rate, obtained by computer simulations, is presented for GLD codes of different lengths.","1558-2558","","10.1109/4234.781010","","https://ieeexplore.ieee.org/stamp/stamp.jsp?arnumber=781010","","Parity check codes;Iterative decoding;AWGN;Additive white noise;Computer simulation;Bit error rate;Error probability;Channel capacity;Costs;Turbo codes","","160","5","10","IEEE","6 Aug 2002","Aug. 1999","","IEEE","IEEE Journals"
"Time-varying periodic convolutional codes with low-density parity-check matrix","A. Jimenez Felstrom; K. S. Zigangirov","Telecommunication Theory Group, Department of Information Technology, Lund University, Lund, Sweden; Telecommunication Theory Group, Department of Information Technology, Lund University, Lund, Sweden",IEEE Transactions on Information Theory,"6 Aug 2002","1999","45","6","2181","2191","We present a class of convolutional codes defined by a low-density parity-check matrix and an iterative algorithm for decoding these codes. The performance of this decoding is close to the performance of turbo decoding. Our simulation shows that for the rate R=1/2 binary codes, the performance is substantially better than for ordinary convolutional codes with the same decoding complexity per information bit. As an example, we constructed convolutional codes with memory M=1025, 2049, and 4097 showing that we are about 1 dB from the capacity limit at a bit-error rate (BER) of 10/sup -5/ and a decoding complexity of the same magnitude as a Viterbi decoder for codes having memory M=10.","1557-9654","","10.1109/18.782171","","https://ieeexplore.ieee.org/stamp/stamp.jsp?arnumber=782171","","Convolutional codes","","620","81","10","IEEE","6 Aug 2002","Sept. 1999","","IEEE","IEEE Journals"
"Low-density parity check codes over GF(q)","M. C. Davey; D. MacKay","Cavendish Laboratory, Cambridge, UK; Cavendish Laboratory, Cambridge, UK",IEEE Communications Letters,"6 Aug 2002","1998","2","6","165","167","Gallager's (1962) low-density binary parity check codes have been shown to have near-Shannon limit performance when decoded using a probabilistic decoding algorithm. We report the empirical results of error-correction using the analogous codes over GF(q) for q>2, with binary symmetric channels and binary Gaussian channels. We find a significant improvement over the performance of the binary codes, including a rate 1/4 code with bit error probability <10/sup -5/ at E/sub b//N/sub 0/=0.2 dB.","1558-2558","","10.1109/4234.681360","","https://ieeexplore.ieee.org/stamp/stamp.jsp?arnumber=681360","","Parity check codes;Gaussian channels;Signal to noise ratio;Iterative decoding;Belief propagation;Galois fields;Sparse matrices;Binary codes;Error probability;Channel coding","","929","51","","IEEE","6 Aug 2002","June 1998","","IEEE","IEEE Journals"
"Reduced complexity iterative decoding of low-density parity check codes based on belief propagation","M. P. C. Fossorier; M. Mihaljevic; H. Imai","Department of Electrical Engineering, University of Hawai, Honolulu, HI, USA; Mathematical Institute, Academy of Science and Arts, Belgrade, Serbia; Institute of Industrial Science, University of Tokyo, Tokyo, Japan",IEEE Transactions on Communications,"6 Aug 2002","1999","47","5","673","680","Two simplified versions of the belief propagation algorithm for fast iterative decoding of low-density parity check codes on the additive white Gaussian noise channel are proposed. Both versions are implemented with real additions only, which greatly simplifies the decoding complexity of belief propagation in which products of probabilities have to be computed. Also, these two algorithms do not require any knowledge about the channel characteristics. Both algorithms yield a good performance-complexity trade-off and can be efficiently implemented in software as well as in hardware, with possibly quantized received values.","1558-0857","","10.1109/26.768759","","https://ieeexplore.ieee.org/stamp/stamp.jsp?arnumber=768759","","Iterative decoding;Parity check codes;Belief propagation;Iterative algorithms;Approximation algorithms;AWGN;Code standards;Bit error rate;Additive white noise;Standards development","","849","129","25","IEEE","6 Aug 2002","May 1999","","IEEE","IEEE Journals"
"Array codes correcting a two-dimensional cluster of errors","M. Breitbach; M. Bossert; V. Zyablov; V. Sidorenko","Department of Information Technology, University of Ulm (EBS), Ulm, Germany; Department of Information Technology, University of Ulm (EBS), Ulm, Germany; Institute for Problems of Information Transmission, Moscow, Russia; Institute for Problems of Information Transmission, Moscow, Russia",IEEE Transactions on Information Theory,"6 Aug 2002","1998","44","5","2025","2031","A novel construction method is presented for array codes correcting a single rectangular error cluster of size b/sub 1//spl times/b/sub 2/ or less. Encoding is done in such a way that parity check symbols are calculated row-or columnwise which are a word of a one-dimensional code correcting a phased burst. These parity check symbols are not transmitted but can be calculated by the receiver. Corresponding decoding algorithms are given. A code is constructed with maximum size n/sub 1/=b/sub 1/2/sup b2/, n/sub 2/=b/sub 2/2/sup b1/, and r=3b/sub 1/b/sub 2/ redundancy symbols which is close to the generalized Singleton bound r/spl ges/2b/sub 1/b/sub 2/. Its encoding and decoding complexity are low.","1557-9654","","10.1109/18.705587","","https://ieeexplore.ieee.org/stamp/stamp.jsp?arnumber=705587","","Error correction codes;Redundancy;Parity check codes;Decoding;Data communication;OFDM;Interleaved codes;Data structures;Magnetic devices;Land mobile radio","","29","2","22","IEEE","6 Aug 2002","Sept. 1998","","IEEE","IEEE Journals"
"Iterative decoding of compound codes by probability propagation in graphical models","F. R. Kschischang; B. J. Frey","Massachusetts Institute of Technology, Cambridge, MA, USA; Beckman Institute, University of Illinois, Urbana-Champaign, Urbana, IL, USA",IEEE Journal on Selected Areas in Communications,"6 Aug 2002","1998","16","2","219","230","We present a unified graphical model framework for describing compound codes and deriving iterative decoding algorithms. After reviewing a variety of graphical models (Markov random fields, Tanner graphs, and Bayesian networks), we derive a general distributed marginalization algorithm for functions described by factor graphs. From this general algorithm, Pearl's (1986) belief propagation algorithm is easily derived as a special case. We point out that iterative decoding algorithms for various codes, including ""turbo decoding"" of parallel-concatenated convolutional codes, may be viewed as probability propagation in a graphical model of the code. We focus on Bayesian network descriptions of codes, which give a natural input/state/output/channel description of a code and channel, and we indicate how iterative decoders can be developed for parallel-and serially concatenated coding systems, product codes, and low-density parity-check codes.","1558-0008","","10.1109/49.661110","","https://ieeexplore.ieee.org/stamp/stamp.jsp?arnumber=661110","","Iterative decoding;Iterative algorithms;Graphical models;Bayesian methods;Markov random fields;Belief propagation;Convolutional codes;Concatenated codes;Product codes;Parity check codes","","286","10","","IEEE","6 Aug 2002","Feb. 1998","","IEEE","IEEE Journals"
"Good error-correcting codes based on very sparse matrices","D. J. C. MacKay","Cavendish Laboratory, Cambridge, UK",IEEE Transactions on Information Theory,"6 Aug 2002","1999","45","2","399","431","We study two families of error-correcting codes defined in terms of very sparse matrices. ""MN"" (MacKay-Neal (1995)) codes are recently invented, and ""Gallager codes"" were first investigated in 1962, but appear to have been largely forgotten, in spite of their excellent properties. The decoding of both codes can be tackled with a practical sum-product algorithm. We prove that these codes are ""very good"", in that sequences of codes exist which, when optimally decoded, achieve information rates up to the Shannon limit. This result holds not only for the binary-symmetric channel but also for any channel with symmetric stationary ergodic noise. We give experimental results for binary-symmetric channels and Gaussian channels demonstrating that practical performance substantially better than that of standard convolutional and concatenated codes can be achieved; indeed, the performance of Gallager codes is almost as close to the Shannon limit as that of turbo codes.","1557-9654","","10.1109/18.748992","","https://ieeexplore.ieee.org/stamp/stamp.jsp?arnumber=748992","","Error correction codes;Sparse matrices;Decoding;Sum product algorithm;Information rates;Gaussian channels;Code standards;Convolutional codes;Concatenated codes;Turbo codes","","2798","413","","IEEE","6 Aug 2002","March 1999","","IEEE","IEEE Journals"
"A systematic (12,8) code for correcting single errors and detecting adjacent errors","J. W. Schwartz; J. K. Wolf","AVTEC Systems, Inc., Fairfax, VA, USA; Center of Magnetic Recording Research, University of California, San Diego, La Jolla, CA, USA",IEEE Transactions on Computers,"6 Aug 2002","1990","39","11","1403","1404","A parity check matrix is given for a systematic (12,8) binary code which connects all single errors and detects eight of the nine double adjacent errors within any of the three 4-b nibbles. It is shown that no (12,8) binary systematic parity check code can correct all 12 single errors and simultaneously detect all nine double adjacent errors within 4-b nibbles. A (12,8) binary systematic parity check code is given that corrects all 12 single errors and simultaneously detects eight of the nine double adjacent errors within 4-b nibbles.<>","1557-9956","","10.1109/12.61052","","https://ieeexplore.ieee.org/stamp/stamp.jsp?arnumber=61052","","Error correction codes;Parity check codes;Error correction;Binary codes;Space vehicles;Computer errors;Lifting equipment;Control systems;Protection;Laboratories","","18","","3","IEEE","6 Aug 2002","Nov. 1990","","IEEE","IEEE Journals"
"Turbo decoding as an instance of Pearl's ""belief propagation"" algorithm","R. J. McEliece; D. J. C. MacKay; Jung-Fu Cheng","Department of Electrical Engineering, California Institute of Technology, Pasadena, CA, USA; Cavendish Laboratory, Department of Physics, Darwin College, University of Cambridge, Cambridge, UK; Salomon Brothers, Inc., New York, NY, USA",IEEE Journal on Selected Areas in Communications,"6 Aug 2002","1998","16","2","140","152","We describe the close connection between the now celebrated iterative turbo decoding algorithm of Berrou et al. (1993) and an algorithm that has been well known in the artificial intelligence community for a decade, but which is relatively unknown to information theorists: Pearl's (1982) belief propagation algorithm. We see that if Pearl's algorithm is applied to the ""belief network"" of a parallel concatenation of two or more codes, the turbo decoding algorithm immediately results. Unfortunately, however, this belief diagram has loops, and Pearl only proved that his algorithm works when there are no loops, so an explanation of the experimental performance of turbo decoding is still lacking. However, we also show that Pearl's algorithm can be used to routinely derive previously known iterative, but suboptimal, decoding algorithms for a number of other error-control systems, including Gallager's (1962) low-density parity-check codes, serially concatenated codes, and product codes. Thus, belief propagation provides a very attractive general methodology for devising low-complexity iterative decoding algorithms for hybrid coded systems.","1558-0008","","10.1109/49.661103","","https://ieeexplore.ieee.org/stamp/stamp.jsp?arnumber=661103","","Belief propagation;Iterative algorithms;Iterative decoding;Inference algorithms;Turbo codes;Artificial intelligence;Parity check codes;Concatenated codes;Product codes;Error correction codes","","512","21","","IEEE","6 Aug 2002","Feb. 1998","","IEEE","IEEE Journals"
"Performance of a general decoding technique over the class of randomly chosen parity check codes","K. T. Oh; J. J. Matzner","Department of Electrical Computer Engineering, Pennsylvania State University, University Park, PA, USA; Dept. of Electr. & Comput. Eng., Pennsylvania State Univ., University Park, PA, USA",IEEE Transactions on Information Theory,"6 Aug 2002","1994","40","1","160","166","The paper extends a general decoding technique developed by Metzner and Kapturowski (1990) for concatenated code outer codes and for file disagreement location. That work showed the ability to correct most cases of d-2 or fewer erroneous block symbols, where d is the outer code minimum distance. Any parity check code can be used as the basis for the outer codes, and yet decoding complexity increases at most as the third power of the code length. In this correspondence, it is shown that, with a slight modification and no significant increase in complexity, the general decoding technique can be applied to the correction of many other cases beyond the code minimum distance. By considering average performance over all binary randomly chosen codes, it is seen that most error patterns of t/sub M/ or fewer block errors can be corrected, where: 1) t/sub M/ in most cases is much greater than the code minimum distance, and 2) asymptotically, the ratio of t/sub M/ to the theoretical maximum (the number of parity symbol blocks) approaches 1. Moreover, most cases of noncorrectable error block patterns are detected.<>","1557-9654","","10.1109/18.272474","","https://ieeexplore.ieee.org/stamp/stamp.jsp?arnumber=272474","","Decoding;Parity check codes;Error correction codes;Concatenated codes;Block codes;Error correction;Vectors;Constraint theory;Information theory;Computer errors","","8","","6","IEEE","6 Aug 2002","Jan. 1994","","IEEE","IEEE Journals"
"Sequential decoding of low-density parity-check codes by adaptive reordering of parity checks","B. Radosavljevic; E. Arikan; B. Hajek","Department of Electrical and Computer Engineering, University of Illinois, Urbana, IL, USA; Department of Electrical Engineering, Bilkent University, Ankara, Turkey; Department of Electrical and Computer Engineering, University of Illinois, Urbana, IL, USA",IEEE Transactions on Information Theory,"6 Aug 2002","1992","38","6","1833","1839","Decoding algorithms in which unpruned codeword trees are generated from an ordered list of parity checks are investigated. The order is computed from the received message, and low-density parity-check codes are used to help control the growth of the tree. Simulation results are given for the binary erasure channel. They suggest that for the small erasure probability, the method is computationally feasible at rates above the computational cutoff rate.<>","1557-9654","","10.1109/18.165462","","https://ieeexplore.ieee.org/stamp/stamp.jsp?arnumber=165462","","Decoding;Parity check codes;Frequency;Upper bound;Computational modeling;Information theory","","3","","12","IEEE","6 Aug 2002","Nov. 1992","","IEEE","IEEE Journals"
"Comparison of constructions of irregular Gallager codes","D. J. C. MacKay; S. T. Wilson; M. C. Davey","Department of Physics, University of Cambridge, Cambridge, UK; Department of Physics, University of Cambridge, Cambridge, UK; Department of Physics, University of Cambridge, Cambridge, UK",IEEE Transactions on Communications,"6 Aug 2002","1999","47","10","1449","1454","The low-density parity check codes whose performance is closest to the Shannon limit are ""Gallager codes"" based on irregular graphs. We compare alternative methods for constructing these graphs and present two results. First, we find a ""super-Poisson"" construction which gives a small improvement in empirical performance over a random construction. Second, whereas Gallager codes normally take N/sup 2/ time to encode, we investigate constructions of regular and irregular Gallager codes that allow more rapid encoding and have smaller memory requirements in the encoder. We find that these ""fast encoding"" Gallager codes have equally good performance.","1558-0857","","10.1109/26.795809","","https://ieeexplore.ieee.org/stamp/stamp.jsp?arnumber=795809","","Parity check codes;Turbo codes;Gaussian channels;Multiaccess communication;Associate members;Channel coding;Error correction codes;Graph theory;Iterative decoding;Sparse matrices","","162","28","","IEEE","6 Aug 2002","Oct. 1999","","IEEE","IEEE Journals"
"On iterative soft-decision decoding of linear binary block codes and product codes","R. Lucas; M. Bossert; M. Breitbach","Department of Information Technology, University of Ulm (EBS), Ulm, Germany; Department of Information Technology, University of Ulm (EBS), Ulm, Germany; Department of Information Technology, University of Ulm (EBS), Ulm, Germany",IEEE Journal on Selected Areas in Communications,"6 Aug 2002","1998","16","2","276","296","Iterative decoding methods have gained interest, initiated by the results of the so-called ""turbo"" codes. The theoretical description of this decoding, however, seems to be difficult. Therefore, we study the iterative decoding of block codes. First, we discuss the iterative decoding algorithms developed by Gallager (1962), Battail et al. (1979), and Hagenauer et al. (1996). Based on their results, we propose a decoding algorithm which only uses parity check vectors of minimum weight. We give the relation of this iterative decoding to one-step majority-logic decoding, and interpret it as gradient optimization. It is shown that the used parity check set defines the region where the iterative decoding decides on a particular codeword. We make plausible that, in almost all cases, the iterative decoding converges to a codeword after some iterations. We derive a computationally efficient implementation using the minimal trellis representing the used parity check set. Simulations illustrate that our algorithm gives results close to soft decision maximum likelihood (SDML) decoding for many code classes like BCH codes. Reed-Muller codes, quadratic residue codes, double circulant codes, and cyclic finite geometry codes. We also present simulation results for product codes and parallel concatenated codes based on block codes.","1558-0008","","10.1109/49.661116","","https://ieeexplore.ieee.org/stamp/stamp.jsp?arnumber=661116","","Iterative decoding;Block codes;Product codes;Maximum likelihood decoding;Iterative algorithms;Concatenated codes;Parity check codes;AWGN;Computational modeling;Solid modeling","","81","19","47","IEEE","6 Aug 2002","Feb. 1998","","IEEE","IEEE Journals"
"Error protection for progressive image transmission over memoryless and fading channels","P. G. Sherwood; K. Zeger","Department of Electrical and Computer Engineering, University of California, San Diego, CA, USA; Department of Electrical and Computer Engineering, University of California, San Diego, CA, USA",IEEE Transactions on Communications,"6 Aug 2002","1998","46","12","1555","1559","Product channel codes are proposed to protect progressively compressed and packetized images for noisy channels. Within packets, the product code uses the concatenation of a rate-compatible punctured convolutional code and an error detecting parity check code. Across packets, Reed-Solomon codes are used. Benefits include flexible choice of delay, adaptability of error protection level (i.e., unequal error protection), and scalable decoding complexity. The system outperforms the best known image coders for memoryless channels and performs well on fading channels.","1558-0857","","10.1109/26.737389","","https://ieeexplore.ieee.org/stamp/stamp.jsp?arnumber=737389","","Protection;Image communication;Error correction codes;Image coding;Product codes;Convolutional codes;Parity check codes;Reed-Solomon codes;Delay;Decoding","","136","6","7","IEEE","6 Aug 2002","Dec. 1998","","IEEE","IEEE Journals"
"Distributed decoding of cyclic block codes using a generalization of majority-logic decoding","A. H. Murad; T. E. Fuja","Department of Electrical Engineering, Institute for Systems Research, University of Maryland, College Park, MD, USA; Department of Electrical Engineering, Institute for Systems Research, University of Maryland, College Park, MD, USA",IEEE Transactions on Information Theory,"6 Aug 2002","1993","39","5","1535","1545","One-step majority-logic decoding is one of the simplest algorithms for decoding cyclic block codes. However, it is an effective decoding scheme for very few codes. This paper presents a generalization based on the ""common-symbol decoding problem."" Suppose one is given M (possibly corrupted) codewords from M (possibly different) codes over the same field; suppose further that the codewords share a single symbol in common. The common-symbol decoding problem is that of estimating the symbol in the common position. This is equivalent to one-step majority logic decoding when each of the ""constituent"" codes is a simple parity check. This paper formulates conditions under which this decoding is possible and presents a simple algorithm that accomplishes the same. When applied to decoding cyclic block codes, this technique yields a decoder structure ideal for parallel implementation. Furthermore, this approach frequently results in a decoder capable of correcting more errors than one-step majority-logic decoding. To demonstrate the simplicity of the resulting decoders, an example is presented.<>","1557-9654","","10.1109/18.259638","","https://ieeexplore.ieee.org/stamp/stamp.jsp?arnumber=259638","","Decoding;Block codes;Parity check codes;Logic;Voting;Error correction;Error correction codes;Information theory;Reed-Solomon codes;Linear code","","1","","16","IEEE","6 Aug 2002","Sept. 1993","","IEEE","IEEE Journals"
"Which codes have cycle-free Tanner graphs?","T. Etzion; A. Trachtenberg; A. Vardy","Department of Computer Science, Technion-Israel Institute of Technology, Haifa, Israel; Digital Computer Laboratory, University of Illinois, Urbana-Champaign, Urbana, IL, USA; University of California, San Diego, La Jolla, CA, USA",IEEE Transactions on Information Theory,"6 Aug 2002","1999","45","6","2173","2181","If a linear block code C of length n has a Tanner graph without cycles, then maximum-likelihood soft-decision decoding of C can be achieved in time O(n/sup 2/). However, we show that cycle-free Tanner graphs cannot support good codes. Specifically, let C be an (n,k,d) linear code of rate R=k/n that can be represented by a Tanner graph without cycles. We prove that if R/spl ges/0.5 then d/spl les/2, while if R<0.5 then C is obtained from a code of rate /spl ges/0.5 and distance /spl les/2 by simply repeating certain symbols. In the latter case, we prove that d/spl les/[n/k+1]+[n+1/k+1]<2/R. Furthermore, we show by means of an explicit construction that this bound is tight for all values of n and k. We also prove that binary codes which have cycle-free Tanner graphs belong to the class of graph-theoretic codes, known as cut-set codes of a graph. Finally, we discuss the asymptotics for Tanner graphs with cycles, and present a number of open problems for future research.","1557-9654","","10.1109/18.782170","","https://ieeexplore.ieee.org/stamp/stamp.jsp?arnumber=782170","","Linear codes","","102","4","30","IEEE","6 Aug 2002","Sept. 1999","","IEEE","IEEE Journals"
"On the covering radius of subcodes of a code","X. Hou","Department of Mathematics and Statistics, Wright State University, Dayton, OH, USA",IEEE Transactions on Information Theory,"6 Aug 2002","1991","37","6","1706","1707","Let C be a binary linear code with covering radius R, and C/sub 0/ a subcode of C of codimension i. An upper bound is obtained for the covering radius of C/sub 0/ in terms of R and i. When C/sub 0/ =(0), the bound becomes the sphere covering bound for R.<>","1557-9654","","10.1109/18.104338","","https://ieeexplore.ieee.org/stamp/stamp.jsp?arnumber=104338","","Linear code;Upper bound;Parity check codes;Equations","","3","","7","IEEE","6 Aug 2002","Nov. 1991","","IEEE","IEEE Journals"
"On the generalized Hamming weights of product codes","V. K. Wei; Kyeongcheol Yang","Bellcore, Morristown, NJ, USA; Department of Electronic Communication Engineering, Hanyang University, Seoul, South Korea",IEEE Transactions on Information Theory,"6 Aug 2002","1993","39","5","1709","1713","The rth generalized Hamming weight of a linear code is the minimum support size of any r-dimensional subcode. It has been found useful in the studies of cryptography and trellis coding. The authors derive several results on expressing the generalized Hamming weights of a product code in terms of those of its component codes. They also formulate a general conjecture.<>","1557-9654","","10.1109/18.259662","","https://ieeexplore.ieee.org/stamp/stamp.jsp?arnumber=259662","","Product codes;Hamming weight;Maximum likelihood decoding;Block codes;Dynamic programming;Linear code;Cryptography;Parity check codes;Viterbi algorithm","","92","","13","IEEE","6 Aug 2002","Sept. 1993","","IEEE","IEEE Journals"
"Modulation and coding for linear Gaussian channels","G. D. Forney; G. Ungerboeck","IBM Research Division, Zurich Research Laboratory, Rueschlikon, Switzerland; Information Systems and member of Heracles Group, Mansfield, MA, USA",IEEE Transactions on Information Theory,"6 Aug 2002","1998","44","6","2384","2415","Shannon's determination of the capacity of the linear Gaussian channel has posed a magnificent challenge to succeeding generations of researchers. This paper surveys how this challenge has been met during the past half century. Orthogonal minimum-bandwidth modulation techniques and channel capacity are discussed. Binary coding techniques for low-signal-to-noise ratio (SNR) channels and nonbinary coding techniques for high-SNR channels are reviewed. Recent developments, which now allow capacity to be approached on any linear Gaussian channel, are surveyed. These new capacity-approaching techniques include turbo coding and decoding, multilevel coding, and combined coding/precoding for intersymbol-interference channels.","1557-9654","","10.1109/18.720542","","https://ieeexplore.ieee.org/stamp/stamp.jsp?arnumber=720542","","Modulation coding;Gaussian channels;Channel capacity;Decoding;Convolutional codes;Intersymbol interference;Gaussian noise;Additive white noise;AWGN;Turbo codes","","448","82","120","IEEE","6 Aug 2002","Oct. 1998","","IEEE","IEEE Journals"
"On two probabilistic decoding algorithms for binary linear codes","M. Zivkovic","Inst. of Appl. Math. & Electron., Beograd, Yugoslavia",IEEE Transactions on Information Theory,"6 Aug 2002","1991","37","6","1707","1716","A generalization of the Sullivan inequality (1967) on the ratio of the probability of a linear code to that of any of its cosets is proved. Starting from this inequality, a sufficient condition for successful decoding of linear codes by a probabilistic method is derived. A probabilistic decoding algorithm for low-density parity-check codes is also analyzed. This method of analysis enables one to estimate experimentally the probability of successful decoding for any given linear code and for any chosen family of parity-check sets. Using the example of a linear (512,100) code, the author illustrates the dependence of the successful probability on the channel noise level.<>","1557-9654","","10.1109/18.104339","","https://ieeexplore.ieee.org/stamp/stamp.jsp?arnumber=104339","","Decoding;Linear code;Parity check codes;Upper bound;Error correction codes;Sufficient conditions","","10","","12","IEEE","6 Aug 2002","Nov. 1991","","IEEE","IEEE Journals"
"A simple taboo-based soft-decision decoding algorithm for expander codes","A. M. Chan; F. R. Kschischang","Department of Electrical Engineering and Computer Science, Massachusetts Institute of Technology, Cambridge, MA, USA; Department of Electrical and Computer Engineering, University of Toronto, Toronto, ONT, Canada",IEEE Communications Letters,"6 Aug 2002","1998","2","7","183","185","We present a simple soft-decision decoding algorithm that modifies Sipser and Spielman's (see IEEE Trans, Inform. Theory, vol.42, p.1710-22, Nov. 1996) hard-decision sequential ""bit-flipping"" algorithm for decoding expander codes. The algorithm incorporates symbol reliability information and a simple ""taboo"" function that avoids repeated flipping of the same bit. The two algorithms have comparable simplicity, but simulations show that the soft-decision algorithm results in both improved performance and-because fewer decoding iterations are necessary-improved speed.","1558-2558","","10.1109/4234.703905","","https://ieeexplore.ieee.org/stamp/stamp.jsp?arnumber=703905","","Graph theory;Iterative decoding;Iterative algorithms;Parity check codes;Bipartite graph;Error correction codes;Iterative methods;Error analysis;Block codes","","7","2","4","IEEE","6 Aug 2002","July 1998","","IEEE","IEEE Journals"
"Symbol-by-symbol MAP decoding algorithm for high-rate convolutional codes that use reciprocal dual codes","S. Riedel","Department of Communications Engineering, Technical University Munich, Munich, Germany",IEEE Journal on Selected Areas in Communications,"6 Aug 2002","1998","16","2","175","185","A symbol-by-symbol maximum a posteriori (MAP) decoding algorithm for high-rate convolutional codes applying reciprocal dual convolutional codes is presented. The advantage of this approach is a reduction of the computational complexity since the number of codewords to consider is decreased. All requirements for iterative decoding schemes are fulfilled. Since tail-biting convolutional codes are equivalent to quasi-cyclic block codes, the decoding algorithm for truncated or terminated convolutional codes is modified to obtain a soft-in/soft-out decoder for high-rate quasi-cyclic block codes which also uses the dual code because of complexity reasons. Additionally, quasi-cyclic block codes are investigated as component codes for parallel concatenation. Simulation results obtained by iterative decoding are compared with union bounds for maximum likelihood decoding. The results of a search for high-rate quasi-cyclic block codes are given in the appendix.","1558-0008","","10.1109/49.661106","","https://ieeexplore.ieee.org/stamp/stamp.jsp?arnumber=661106","","Convolutional codes;Maximum likelihood decoding;Iterative decoding;Block codes;Parity check codes;Iterative algorithms;Computational complexity;Demodulation;Memoryless systems;AWGN","","22","24","22","IEEE","6 Aug 2002","Feb. 1998","","IEEE","IEEE Journals"
"Expander codes","M. Sipser; D. A. Spielman","Dept. of Math., MIT, Cambridge, MA, USA; Department of Mathematics, Massachusetts Institute of Technology, Cambridge, MA, USA",IEEE Transactions on Information Theory,"6 Aug 2002","1996","42","6","1710","1722","Using expander graphs, we construct a new family of asymptotically good, linear error-correcting codes. These codes have linear time sequential decoding algorithms and logarithmic time parallel decoding algorithms that use a linear number of processors. We present both randomized and explicit constructions of these codes. Experimental results demonstrate the good performance of the randomly chosen codes.","1557-9654","","10.1109/18.556667","","https://ieeexplore.ieee.org/stamp/stamp.jsp?arnumber=556667","","Graph theory;Decoding;Error correction codes;Circuits;Parity check codes;Computational modeling;Linear code;Bipartite graph;Algorithm design and analysis;Fault tolerance","","597","3","36","IEEE","6 Aug 2002","Nov. 1996","","IEEE","IEEE Journals"
"Symbol-based turbo codes","M. Bingeman; A. K. Khandani","Department of Electrical and Computer Engineering, University of Waterloo, Waterloo, ONT, Canada; Department of Electrical and Computer Engineering, University of Waterloo, Waterloo, ONT, Canada",IEEE Communications Letters,"6 Aug 2002","1999","3","10","285","287","We present a new turbo-coding method which parses the input block into n-bit symbols and interleaves on a symbol-by-symbol basis. This is used in conjunction with different modulation techniques to take advantage of tradeoffs between bit error rate performance, code-rate, spectral efficiency, and decoder complexity. The structure of the encoder and decoder of these codes, which We call symbol-based turbo codes, are outlined. The bit error rate performance of a few specific codes are examined. A discussion on decoder complexity is also included. Symbol-based turbo codes are good candidates for low delay transmission of speech and data in spread spectrum communication systems.","1558-2558","","10.1109/4234.798019","","https://ieeexplore.ieee.org/stamp/stamp.jsp?arnumber=798019","","Turbo codes;Decoding;Bit error rate;Modulation coding;Delay;Speech coding;Spread spectrum communication;Multiaccess communication;Convolutional codes;Convolution","","35","6","5","IEEE","6 Aug 2002","Oct. 1999","","IEEE","IEEE Journals"
"On lowest density MDS codes","M. Blaum; R. M. Roth","IBM Research Division, Almaden Research Center, San Jose, CA, USA; Computer Science Department, Technion-Israel Institute of Technology, Haifa, Israel",IEEE Transactions on Information Theory,"6 Aug 2002","1999","45","1","46","59","Let F/sub q/ denote the finite field GF(q) and let h be a positive integer. MDS (maximum distance separable) codes over the symbol alphabet F/sub q//sup b/ are considered that are linear over F/sub q/ and have sparse (""low-density"") parity-check and generator matrices over F/sub q/ that are systematic over F/sub q//sup b/. Lower bounds are presented on the number of nonzero elements in any systematic parity-check or generator matrix of an F/sub q/-linear MDS code over F/sub q//sup b/, along with upper bounds on the length of any MDS code that attains those lower bounds. A construction is presented that achieves those bounds for certain redundancy values. The building block of the construction is a set of sparse nonsingular matrices over F/sub q/ whose pairwise differences are also nonsingular. Bounds and constructions are presented also for the case where the systematic condition on the parity-check and generator matrices is relaxed to be over F/sub q/, rather than over F/sub q//sup b/.","1557-9654","","10.1109/18.746771","","https://ieeexplore.ieee.org/stamp/stamp.jsp?arnumber=746771","","Parity check codes;Sparse matrices;Galois fields;Length measurement;Information theory;Conferences;Upper bound;Vectors;Linear code;Hamming distance","","194","6","13","IEEE","6 Aug 2002","Jan. 1999","","IEEE","IEEE Journals"
"Computing upper bounds to error probability of coded modulation schemes","E. Biglieri; A. Sandri; A. Spalvieri","Dipartimento di Elettronica, Politecnico di Torino, Italy; Alcatel Telettra, Inc., Milan, Italy; Dipartimento di Elettronica, Politecnico di Milano, Milan, Italy",IEEE Transactions on Communications,"6 Aug 2002","1996","44","7","786","790","To evaluate an upper bound on error probabilities of signal constellations used for transmission over the additive white Gaussian noise (AWGN) channel, enumeration of all the constellation intradistances is required. These may be infinite in number, for example, when convolutional codes are used and the constellations are lattices. Truncation of the series does not necessarily provide a bound anymore, and must be done with care. Yet the union bound is very simple, as it does not require any further knowledge about the signal constellation than the distance enumerator. In this paper, we describe some methods that can be used to evaluate error probabilities of infinite signal constellations, and that require only a finite number of terms. These methods are applicable, for example, to convolutional codes decoded with a finite-depth Viterbi algorithm and to signal constellations carved from lattices. Coded modulations based on lattices and convolutional or block codes can also be dealt with. As an example of application, we analyze a variable-rate 3-stage coded modulation encoder/decoder, which has been built and is based on a combination of convolutional codes with a single-parity-check block code.","1558-0857","","10.1109/26.508297","","https://ieeexplore.ieee.org/stamp/stamp.jsp?arnumber=508297","","Upper bound;Error probability;Modulation coding;Constellation diagram;Convolutional codes;AWGN;Lattices;Decoding;Block codes;Additive white noise","","10","","13","IEEE","6 Aug 2002","July 1996","","IEEE","IEEE Journals"
"Logic synthesis of multilevel circuits with concurrent error detection","N. A. Touba; E. J. McCluskey","Departments of Electrical Engineering and Computer Science, University of Stanford, Stanford, CA, USA; Center for Reliable Computing, Department of Electrical Engineering and Computer Science, University of Stanford, Stanford, CA, USA",IEEE Transactions on Computer-Aided Design of Integrated Circuits and Systems,"6 Aug 2002","1997","16","7","783","789","This paper presents a procedure for synthesizing multilevel circuits with concurrent error detection. All errors caused by single stuck-at faults are detected using a parity-check code. The synthesis procedure (implemented in Stanford CRCs TOPS synthesis system) fully automates the design process, and reduces the cost of concurrent error detection compared with previous methods. An algorithm for selecting a good parity-check code for encoding the circuit outputs is described. Once the code has been selected, a new procedure called structure-constrained logic optimization is used to minimize the area of the circuit as much as possible while still using a circuit structure that ensures that single stuck-at faults cannot produce undetected errors. It is proven that the resulting implementation is path fault secure, and when augmented by a checker, forms a self-checking circuit. The actual layout areas required for self-checking implementations of benchmark circuits generated with the techniques described in this paper are compared with implementations using Berger codes, single-bit parity, and duplicate-and-compare. Results indicate that the self-checking multilevel circuits generated with the procedure described here are significantly more economical.","1937-4151","","10.1109/43.644041","","https://ieeexplore.ieee.org/stamp/stamp.jsp?arnumber=644041","","Logic circuits;Circuit synthesis;Circuit faults;Parity check codes;Electrical fault detection;Fault detection;Cyclic redundancy check;Process design;Costs;Encoding","","116","1","23","IEEE","6 Aug 2002","July 1997","","IEEE","IEEE Journals"
"Multiple-phase codes for detection without carrier phase reference","Feng-Wen Sun; H. Leib","Department of Electrical Engineering, McGill University, Montreal, QUE, Canada; Department of Electrical Engineering, McGill University, Montreal, QUE, Canada",IEEE Transactions on Information Theory,"6 Aug 2002","1998","44","4","1477","1491","We consider the construction and analysis of linear block codes for M-ary phase-shift keying that can be decoded without carrier phase synchronization. Under these circumstances, the function that has a significant impact on performance is the noncoherent distance, analogous to the Euclidean distance for the coherent case. The major difficulty in constructing and analyzing such codes lies in the fact that the noncoherent distance is not a true metric. For this reason, prior work mainly relies on numerical approaches to search for good codes and to determine the corresponding minimum noncoherent distance. We first present a theorem that links the noncoherent distance with the Euclidean and Lee (1958) distances. This theorem allows us to construct good codes and determine their minimum noncoherent distances analytically. Based on this theorem, we classify the codes whose duals consist of a cyclic group. These codes are of minimum redundancy. We further investigate codes with the flavor of Hamming and shortened Hamming codes. Many of these new codes provide significantly larger coding gains than previously known codes. Linear codes derived from code-division multiple-access (CDMA) sequences are considered as well. These codes in general provide rather large coding gains. Finally, an algorithm is introduced that can be appended to any suboptimal decoding technique to enhance the performance.","1557-9654","","10.1109/18.681323","","https://ieeexplore.ieee.org/stamp/stamp.jsp?arnumber=681323","","Phase detection;Block codes;Sun;Phase shift keying;Decoding;Euclidean distance;Modulation coding;Linear code;Multiaccess communication;Mobile communication","","20","","35","IEEE","6 Aug 2002","July 1998","","IEEE","IEEE Journals"
"On Diamond codes","C. P. M. J. Baggen; L. M. G. M. Tolhuizen","Philips Research Laboratories, Eindhoven, Netherlands; Philips Research Laboratories, Eindhoven, Netherlands",IEEE Transactions on Information Theory,"6 Aug 2002","1997","43","5","1400","1411","A Diamond code is an error-correcting code obtained from two component codes. As in a product code, any symbol in a word of a Diamond code is checked by both component codes. However, the ""code directions"" for the component codes have been selected to minimize the memory that is required between successive decoding stages for the component codes. Diamond codes combine the error correcting power of a product code with the reduced memory requirements of the cross interleaved Reed-Solomon code (CIRC), applied in the compact disk system. We discuss encoding, decoding, and minimum distance properties of Diamond codes. Variations on the Diamond code construction are proposed that result in codes that are suited for use in rewritable block-oriented applications.","1557-9654","","10.1109/18.623140","","https://ieeexplore.ieee.org/stamp/stamp.jsp?arnumber=623140","","Error correction codes;Product codes;Iterative decoding;Encoding;Convolutional codes;Information theory;Interpolation;CD recording;Protection;Error correction","","12","5","26","IEEE","6 Aug 2002","Sept. 1997","","IEEE","IEEE Journals"
"Block and trellis codes for the binary (1-D) partial response channel with simple maximum likelihood decoders","M. Siala; G. K. Kaleh","Ecole Nationale Supérieure des Télécommunications-CNRS URA 820, Paris, France; Ecole Nationale Supérieure des Télécommunications-CNRS URA 820, Paris, France",IEEE Transactions on Communications,"6 Aug 2002","1996","44","12","1613","1615","We consider block and convolutional codes for improving the reliability of data transmission over the binary precoded noisy (1-D) partial response channel. We concentrate on a class of codes for which the maximum likelihood decoder, matched to the encoder, precoder, and the channel has the same trellis structure as the encoder. Thus, doubling the number of states due to the channel memory is avoided, We show that the necessary and sufficient condition to belong to this class is that all codewords be of the same parity. The Reed-Muller and Golay codes belong to this class.","1558-0857","","10.1109/26.545885","","https://ieeexplore.ieee.org/stamp/stamp.jsp?arnumber=545885","","Convolutional codes;Partial response channels;Maximum likelihood decoding;Block codes;Gaussian noise;Sufficient conditions;Transfer functions;Data communication;Magnetic recording;Hamming distance","","1","1","8","IEEE","6 Aug 2002","Dec. 1996","","IEEE","IEEE Journals"
"On the structure of linear codes with covering radius two and three","R. Struik","Department of Mathematics and Computing Science, University of Technology, Eindhoven, Netherlands",IEEE Transactions on Information Theory,"6 Aug 2002","1994","40","5","1406","1416","We obtain new bounds on l(m,r), the minimum length of a linear code with codimension m and covering radius r. All bounds are derived in a uniform way. We employ results from coding theory, some earlier results on covering codes, and combinatorial arguments. We prove the following bounds: l(6, 2)=13, l(7,2)=19, l(8,2)/spl ges/25, l(9,2)/spl ges/34, l(2m-l,2)/spl ges/2/sup m/+1 for m/spl ges/3, l(14,2)/spl ges/182, l(16,2)/spl ges/363, l(18,2)/spl ges/725, l(20,2)/spl ges/1449, l(22,2)/spl ges/2897, l(24,2)/spl ges/5794, l(9,3)/spl ges/17, l(10,3)/spl ges/21, l(12,3)/spl ges/31, l(13,3)/spl ges/38.<>","1557-9654","","10.1109/18.333857","","https://ieeexplore.ieee.org/stamp/stamp.jsp?arnumber=333857","","Linear code;Error correction codes;Block codes;Information theory;Hamming distance;Meetings;Mathematics","","6","","22","IEEE","6 Aug 2002","Sept. 1994","","IEEE","IEEE Journals"
"Low-density MDS codes and factors of complete graphs","Lihao Xu; V. Bohossian; J. Bruck; D. G. Wagner","Department of Computer Science, Washington University, Saint Louis, MO, USA; California Institute of Technology, Pasadena, CA, USA; California Institute of Technology, Pasadena, CA, USA; Department of Combinatorics and Optimization, University of Waterloo, Waterloo, ONT, Canada",IEEE Transactions on Information Theory,"6 Aug 2002","1999","45","6","1817","1826","We present a class of array code of size n/spl times/l, where l=2n or 2n+1, called B-Code. The distances of the B-Code and its dual are 3 and l-1, respectively. The B-Code and its dual are optimal in the sense that i) they are maximum-distance separable (MDS), ii) they have an optimal encoding property, i.e., the number of the parity bits that are affected by change of a single information bit is minimal, and iii) they have optimal length. Using a new graph description of the codes, we prove an equivalence relation between the construction of the B-Code (or its dual) and a combinatorial problem known as perfect one-factorization of complete graphs, thus obtaining constructions of two families of the B-Code and its dual, one of which is new. Efficient decoding algorithms are also given, both for erasure correcting and for error correcting. The existence of perfect one-factorizations for every complete graph with an even number of nodes is a 35 years long conjecture in graph theory. The construction of B-Codes of arbitrary odd length will provide an affirmative answer to the conjecture.","1557-9654","","10.1109/18.782102","","https://ieeexplore.ieee.org/stamp/stamp.jsp?arnumber=782102","","Linear codes","","130","4","18","IEEE","6 Aug 2002","Sept. 1999","","IEEE","IEEE Journals"
"Nonbinary error detection codes for data retransmission and bit error rate monitoring","I. Rahman","AT and T Bell Laboratories, Inc., North Andover, MA, USA",IEEE Transactions on Communications,"6 Aug 2002","1992","40","7","1139","1143","The author discusses the use of (n, n-1) polynomial codes for data retransmission and bit error rate (BER) monitoring in nonbinary data transmission systems. For a particular type of polynomial code, called a simple polynomial code, a simple error detection scheme which exploits the Gray coding commonly employed in nonbinary data transmission systems can be devised. Even though its algebraic structure is the same as that of general (n, n-1) polynomial code, the simple polynomial code's performance, when using this detection algorithm, is either equal to or better than that of the corresponding general polynomial code, for data retransmission and BER monitoring. The improvement in the BER monitoring performance of the simple code relative to that of the corresponding general code increases as the data alphabet size becomes larger.<>","1558-0857","","10.1109/26.153355","","https://ieeexplore.ieee.org/stamp/stamp.jsp?arnumber=153355","","Bit error rate;Monitoring;Cyclic redundancy check;Data communication;Detection algorithms;Performance analysis;Galois fields;Forward error correction;Polynomials;Cyclic redundancy check codes","","1","","2","IEEE","6 Aug 2002","July 1992","","IEEE","IEEE Journals"
"Combination of BCM and TCM with 90/spl deg/, 180/spl deg/, and 270/spl deg/ phase rotational invariance","Szn-Lin Su; Jau-Ming Wu","Department of Electrical Engineering, National Cheng Kung University, Tainan, Taiwan; Department of Electrical Engineering, National Cheng Kung University, Tainan, Taiwan",IEEE Transactions on Communications,"6 Aug 2002","1997","45","7","800","808","Two systematic schemes to combine block-coded modulation (BCM) and trellis-coded modulation (TCM) are proposed. In the first scheme, the signal points which are used in TCM should be partitioned by the proper BCM systems constructed by a multilevel construction method. The asymptotic coding gain will be 6.02-3.01/n dB, where n is the length of the BCM systems. Since the average transmission power can be reduced by using a denser signal lattice, the main idea of the second scheme is to construct the TCM system based on the signal points of a denser lattice formed by a proper BCM system. Hence, we can get a higher coding gain which is a combination of both the distance gain of TCM and the density gain of BCM. Theoretically, the net coding gain of this proposed scheme can reach 5.27 dB in the case of an 8-D constellation and 7.15 dB in the case of a 16-D constellation. For practical implementation, the phase ambiguity problems for both schemes are considered and solved by a differential encoder/decoder.","1558-0857","","10.1109/26.602585","","https://ieeexplore.ieee.org/stamp/stamp.jsp?arnumber=602585","","Lattices;Multidimensional systems;Constellation diagram;Modulation coding;Phase modulation;Quadrature amplitude modulation;Convolutional codes;Phase shift keying;Signal processing;Block codes","","","","21","IEEE","6 Aug 2002","July 1997","","IEEE","IEEE Journals"
"Two-level coding based on trellis-coded modulation and Reed-Solomon codes","Lee-Fang Wei","AT and T Bell Laboratories, Inc., Holmdel, NJ, USA",IEEE Transactions on Communications,"6 Aug 2002","1994","42","12","3098","3108","A number of two-level codes based on trellis-coded modulation (TCM) schemes and their matched single or double error-correcting Reed-Solomon codes using QAM constellations are presented and evaluated. Compared to the well-known 4D 16-state TCM scheme with a comparable bandwidth efficiency, these two-level codes provide greater immunity from both Gaussian and impulse noise, at the cost of a reasonably higher complexity and a longer decoding delay, on the order of a few hundred symbols. The authors also show how to cope with phase ambiguities of the constellation in these two-level codes. Both rotationally invariant coding and rotation detecting techniques are considered.<>","1558-0857","","10.1109/26.339830","","https://ieeexplore.ieee.org/stamp/stamp.jsp?arnumber=339830","","Modulation coding;Reed-Solomon codes;Modems;Gaussian noise;Additive white noise;Delay;Video compression;Rails;Quadrature amplitude modulation;Bandwidth","","2","3","27","IEEE","6 Aug 2002","Dec. 1994","","IEEE","IEEE Journals"
"High-speed indoor wireless communications at 60 GHz with coded OFDM","D. Dardari; V. Tralli","CNIT, Bologna Univ., Italy; DIF, University of Ferrara, Ferrara, Italy",IEEE Transactions on Communications,"6 Aug 2002","1999","47","11","1709","1721","A high-speed indoor wireless communication system using coded orthogonal frequency-division multiplexing (OFDM) and working at 60 GHz is proposed and analyzed. An actual propagation environment consisting of a medium sized research laboratory, characterized by means of a ray-tracing technique, is considered for the analysis. In this contest the paper investigates and discusses the effects of frequency diversity, antenna sectorization, OFDM clustering, and different block coding strategies. Moreover, to characterize the communication between stationary indoor terminals at millimeter waves, a new definition of coverage is introduced. In order to evaluate the performance of the coded system in the actual environment, a suitable semianalytical algorithm is defined and applied. In the results the feasibility of a coded OFDM system for 155 Mbit/s packet transmission is checked. It is shown that all the line-of-sight (LOS) positions and 70% of the no LOS points can be covered in the scenario considered with a transmitted power of 10 dBm.","1558-0857","","10.1109/26.803506","","https://ieeexplore.ieee.org/stamp/stamp.jsp?arnumber=803506","","Wireless communication;OFDM;Frequency division multiplexing;Ray tracing;Frequency diversity;Antennas and propagation;Block codes;Millimeter wave communication;Millimeter wave technology;Clustering algorithms","","36","6","37","IEEE","6 Aug 2002","Nov. 1999","","IEEE","IEEE Journals"
"The error probability of M-ary PSK block coded modulation schemes","H. Herzberg; G. Poltyrev","Department of Electrical Engineering Systems, Tel-Aviv University, Israel; Department of Electrical Engineering Systems, Tel-Aviv University, Israel",IEEE Transactions on Communications,"6 Aug 2002","1996","44","4","427","433","A tight upper bound on the decoding error probability is derived for block-coded modulation structures where an M-ary phase shift keying (M-PSK) signal constellation is employed. This bound, called a tangential sphere bound, is tight for very low (as well as for high) signal-to-noise ratios (SNRs). Berlekamp's tangential union bound, previously derived for binary codes, can be derived for an M-PSK block coded modulation structure as well. However, it is proven that our tangential sphere bound is tighter than Berlekamp's (1980) tangential bound. For particular schemes, it is shown that for low SNRs our bound is considerably tighter than the tangential bound. As one of the examples, a multistage decoder is considered.","1558-0857","","10.1109/26.489088","","https://ieeexplore.ieee.org/stamp/stamp.jsp?arnumber=489088","","Error probability;Phase shift keying;Modulation coding;Upper bound;Decoding;Phase modulation;Signal to noise ratio;AWGN;Quadrature amplitude modulation;Absorption","","36","","15","IEEE","6 Aug 2002","April 1996","","IEEE","IEEE Journals"
"Switching codes for delta-I noise reduction","C. L. Chen; B. W. Curran","System 390 Division, IBM, Corporation, Poughkeepsie, NY, USA; System 390 Division, IBM, Corporation, Poughkeepsie, NY, USA",IEEE Transactions on Computers,"6 Aug 2002","1996","45","9","1017","1021","In this paper, we address the off-chip driver delta-I or switching noise problem. We propose a novel approach based on switching codes to reduce this noise. These codes are designed to lower the number of drivers which switch in any given system cycle. A formal theoretic framework for switching codes is developed which provides an upper bound on the number of switching drivers as a function of bit width of the data bus and number of redundant switch bits. Switching codes with error detecting and error correcting capabilities are also presented. Switching codes also reduce the average switching activity and power consumed by the off-chip drivers.","1557-9956","","10.1109/12.537124","","https://ieeexplore.ieee.org/stamp/stamp.jsp?arnumber=537124","","Noise reduction;Driver circuits;Switches;Switching circuits;Circuit noise;Voltage;Error correction codes;Rails;Upper bound;Bandwidth","","17","","9","IEEE","6 Aug 2002","Sept. 1996","","IEEE","IEEE Journals"
"On the spectrum of distances of a multilevel code, decoded by a multistage decoder","H. Herzberg","GlobeSpan Technologies, Inc., NJ, USA",IEEE Transactions on Information Theory,"6 Aug 2002","1997","43","5","1736","1740","In this correspondence we are concerned with the error rates contributed by component codes in a multilevel code, decoded by a multistage decoder. These error rates are required for estimating the performance of the structure, but more importantly, they can serve as a design tool for achieving high coding gain. The latter objective can be reached by approaching a balance among these error rates. For evaluating the error rate contributed by a component code, it is essential to calculate the corresponding spectrum of Euclidean distances. A method for computing this spectrum is developed in this correspondence. The method is general and applicable to any signal constellation, and convolutional as well as block component codes. The error coefficient, available in the literature for some multilevel codes with an infinite size signal constellation, is shown to be significantly different from that of a practical finite constellation. Note that the complete spectrum is essential when codewords (of a component code) with Hamming distance beyond the minimum distance affect the error rate (see, e.g., Turbo codes).","1557-9654","","10.1109/18.623183","","https://ieeexplore.ieee.org/stamp/stamp.jsp?arnumber=623183","","Decoding;Multiaccess communication;Error analysis;Information theory;Detectors;Error correction codes;Uncertainty;Frequency conversion;Cellular networks;Land mobile radio cellular systems","","6","3","18","IEEE","6 Aug 2002","Sept. 1997","","IEEE","IEEE Journals"
"Type II codes over F/sub 2/+uF/sub 2/","S. T. Dougherty; P. Gaborit; M. Harada; P. Sole","Department of Mathematics, University of Scranton, Scranton, PA, USA; Laboratoire A2X, Université Bordeaux 1, Talence, France; Department of Mathematical Sciences, Yamagata University, Yamagata, Japan; CNRS-I3S, ESSI, France",IEEE Transactions on Information Theory,"6 Aug 2002","1999","45","1","32","45","The alphabet F/sub 2/+uF/sub 2/ is viewed here as a quotient of the Gaussian integers by the ideal (2). Self-dual F/sub 2/+uF/sub 2/ codes with Lee weights a multiple of 4 are called Type II. They give even unimodular Gaussian lattices by Construction A, while Type I codes yield unimodular Gaussian lattices. Construction B makes it possible to realize the Leech lattice as a Gaussian lattice. There is a Gray map which maps Type II codes into Type II binary codes with a fixed point free involution in their automorphism group. Combinatorial constructions use weighing matrices and strongly regular graphs. Gleason-type theorems for the symmetrized weight enumerators of Type II codes are derived. All self-dual codes are classified for length up to 8. The shadow of the Type I codes yields bounds on the highest minimum Hamming and Lee weights.","1557-9654","","10.1109/18.746770","","https://ieeexplore.ieee.org/stamp/stamp.jsp?arnumber=746770","","Lattices;Binary codes;Mathematics","","142","","31","IEEE","6 Aug 2002","Jan. 1999","","IEEE","IEEE Journals"
"Theory and design of t-error correcting/d-error detecting (d>t) and all unidirectional error detecting codes","D. Nikolos","Department of Computer Engineering and Informatics, University of Patras, Patras, Greece",IEEE Transactions on Computers,"6 Aug 2002","1991","40","2","132","142","The fundamental theory of t-error correcting/d-error-detecting (d>t) and all-unidirectional-error-detecting (t-EC/d-ED/AUED) codes is given. A method for the construction of systematic t-EC/d-ED/AUED codes is presented. The encoding/decoding algorithms for these codes and their implementation are described.<>","1557-9956","","10.1109/12.73584","","https://ieeexplore.ieee.org/stamp/stamp.jsp?arnumber=73584","","Error correction;Error correction codes;Computer errors;Circuit faults;Decoding;Delay;Fault detection;Hardware;Encoding;Parity check codes","","17","1","26","IEEE","6 Aug 2002","Feb. 1991","","IEEE","IEEE Journals"
"Coding for a channel with quantization in the presence of an estimable interference","H. Herzberg; B. R. Saltzberg","Lucent Technologies Bell Laboratories, Middletown, NJ, USA; Lucent Technologies Bell Laboratories, Middletown, NJ, USA",IEEE Transactions on Communications,"6 Aug 2002","1997","45","1","45","51","The encoding and decoding schemes presented are aimed at enabling the transfer of data through a channel in which two types of interference are added to the transmitted signal and the sum is quantized. One of these interferences is known (or can be estimated), whereas the second is an additive white Gaussian noise (AWGN). Since the input of the quantizer is not accessible, the known interference can not be removed from the received signal. We show that the error rate for an uncoded transmission through this channel is unacceptably large, even for low noise levels and linear quantization. It is also shown that the problem becomes even more severe when a nonlinear quantization is present. Therefore, coding is essential and a huge coding gain is achievable in this application. An upper-bound on the error rate, contributed by the component codes of a multilevel code, has been developed for multistage decoding. Results of computer simulations of a practical case with optimal and suboptimal decoding algorithms, both developed in this paper, are presented.","1558-0857","","10.1109/26.554285","","https://ieeexplore.ieee.org/stamp/stamp.jsp?arnumber=554285","","Quantization;Interference;Decoding;Error analysis;Additive white noise;Noise level;Central office;AWGN channels;Constellation diagram;Application software","","2","2","10","IEEE","6 Aug 2002","Jan. 1997","","IEEE","IEEE Journals"
"Multilevel codes for unequal error protection","A. R. Calderbank; N. Seshadri","AT and T Bell Laboratories, Inc., Murray Hill, NJ, USA; AT and T Bell Laboratories, Inc., Murray Hill, NJ, USA",IEEE Transactions on Information Theory,"6 Aug 2002","1993","39","4","1234","1248","Two combined unequal error protection (UEP) coding and modulation schemes are proposed. The first method multiplexes different coded signal constellations, with each coded constellation providing a different level of error protection. In this method, a codeword specifies the multiplexing rule and the choice of the codeword from a fixed codebook is used to convey additional important information. The decoder determines the multiplexing rule before decoding the rest of the data. The second method is based on partitioning a signal constellation into disjoint subsets in which the most important data sequence is encoded, using most of the available redundancy, to specify a sequence of subsets. The partitioning and code construction is done to maximize the minimum Euclidean distance between two different valid subset sequences. This leads to ways of partitioning the signal constellations into subsets. The less important data selects a sequence of signal points to be transmitted from the subsets. A side benefit of the proposed set partitioning procedure is a reduction in the number of nearest neighbors, sometimes even over the uncoded signal constellation.<>","1557-9654","","10.1109/18.243441","","https://ieeexplore.ieee.org/stamp/stamp.jsp?arnumber=243441","","Error correction codes;Constellation diagram;Speech coding;Image coding;Redundancy;Modulation coding;Decoding;Additive white noise;AWGN;Pulse modulation","","132","21","26","IEEE","6 Aug 2002","July 1993","","IEEE","IEEE Journals"
"Concatenated multilevel block coded modulation","H. Herzberg; Y. Be'ery; J. Snyders","Department of Electrical Engineering, Tel-Aviv University, Ramat-Aviv, Israel; Department of Electrical Engineering, Tel-Aviv University, Ramat-Aviv, Israel; Department of Electrical Engineering, Tel-Aviv University, Ramat-Aviv, Israel",IEEE Transactions on Communications,"6 Aug 2002","1993","41","1","41","49","Encoding and decoding schemes for concatenated multilevel block codes are presented. By one of these structures, a real coding gain of 5.6-7.4 dB for the bit error range of 10/sup -6/ to 10/sup -9/ is achieved for transmission through the additive white Gaussian noise channel. Also, a rather large asymptotic coding gain is obtained. The new coding schemes have very low decoding complexity and increased coding gain in comparison with the conventional block and trellis coded modulation structures. A few design rules for concatenated (single and) multilevel block codes with large coding gain are also provided.<>","1558-0857","","10.1109/26.212363","","https://ieeexplore.ieee.org/stamp/stamp.jsp?arnumber=212363","","Concatenated codes;Modulation coding;Signal to noise ratio;Decoding;Euclidean distance;Bit error rate;Block codes;Gain;Additive white noise;H infinity control","","12","4","18","IEEE","6 Aug 2002","Jan. 1993","","IEEE","IEEE Journals"
"Runlength-limited codes for mixed-error channels","O. Ytrehus","Department of Informatics, University of Bergen, Bergen, Norway",IEEE Transactions on Information Theory,"6 Aug 2002","1991","37","6","1577","1585","The mixed-error channel (MC) combines the binary symmetric channel and the peak shift channel. The construction of (d, k) constrained t-MC-error-correcting block codes is described. It is demonstrated that these codes can achieve a code rate close to the (d, k) capacity. The encoding and decoding procedures are described. The performance of the construction depends on a particular partitioning of (d, k) constrained block codes. This partitioning is discussed and various tables of codes are included. Examples on encoding/decoding and on code performance are given.<>","1557-9654","","10.1109/18.104318","","https://ieeexplore.ieee.org/stamp/stamp.jsp?arnumber=104318","","Magnetic recording;Block codes;Decoding;Magnetic memory;Optical recording;Interference constraints;Error correction codes;Modulation coding;Optical devices;Optical modulation","","22","3","21","IEEE","6 Aug 2002","Nov. 1991","","IEEE","IEEE Journals"
"Serial concatenation of interleaved codes: performance analysis, design, and iterative decoding","S. Benedetto; D. Divsalar; G. Montorsi; F. Pollara","Dipartimento di Elettronica, Politecnico di Turino, Italy; Jet Propulsion Laboratory, Pasadena, CA, USA; Dipartimento di Elettronica, Politecnico di Turino, Italy; Jet Propulsion Laboratory, Pasadena, CA, USA",IEEE Transactions on Information Theory,"6 Aug 2002","1998","44","3","909","926","A serially concatenated code with interleaver consists of the cascade of an outer encoder, an interleaver permuting the outer codewords bits, and an inner encoder whose input words are the permuted outer codewords. The construction can be generalized to h cascaded encoders separated by h-1 interleavers. We obtain upper bounds to the average maximum-likelihood bit error probability of serially concatenated block and convolutional coding schemes. Then, we derive design guidelines for the outer and inner encoders that maximize the interleaver gain and the asymptotic slope of the error probability curves. Finally, we propose a new, low-complexity iterative decoding algorithm. Throughout the paper, extensive comparisons with parallel concatenated convolutional codes known as ""turbo codes"" are performed, showing that the new scheme can offer superior performance.","1557-9654","","10.1109/18.669119","","https://ieeexplore.ieee.org/stamp/stamp.jsp?arnumber=669119","","Interleaved codes;Performance analysis;Iterative decoding;Concatenated codes;Convolutional codes;Maximum likelihood decoding;Error probability;Turbo codes;Block codes;Propulsion","","856","52","24","IEEE","6 Aug 2002","May 1998","","IEEE","IEEE Journals"
"M-ary phase coding for the noncoherent AWGN channel","R. Knopp; H. Leib","Department of Electrical Engineering, McGill University, Montreal, Canada; Department of Electrical Engineering, McGill University, Montreal, Canada",IEEE Transactions on Information Theory,"6 Aug 2002","1994","40","6","1968","1984","This work considers coded M-ary phase-shift keying (MPSK) schemes with noncoherent detection. A class of block codes called module-phase codes is described. The algebraic framework used for describing these codes relies on elements from module theory which are discussed along with a method for constructing such codes for noncoherent detection. It is shown that differential encoding may be viewed as a specific code from a particular class of module-phase codes. Two classes of codes that achieve significant coding gain with respect to coherent detection of uncoded MPSK are presented. In the first class of module-phase codes, the coding gain is achieved at the expense of bandwidth expansion. In the second class, however, the coding gain is achieved at the expense of signal constellation expansion without expanding bandwidth. Finally, an integrated demodulation/decoding technique based on a modification of information set decoding is presented. It Is shown that this reduced-complexity, suboptimal decoding strategy performs nearly as well as maximum-likelihood decoding.<>","1557-9654","","10.1109/18.340470","","https://ieeexplore.ieee.org/stamp/stamp.jsp?arnumber=340470","","AWGN channels;Maximum likelihood decoding;Phase detection;Bandwidth;Block codes;Constellation diagram;Modulation coding;Maximum likelihood detection;Demodulation;Degradation","","49","","17","IEEE","6 Aug 2002","Nov. 1994","","IEEE","IEEE Journals"
"Theory and design of t-error correcting, k-error detecting and d-unidirectional error detecting codes with d>k>t","D. Nikolos; A. Krokos","Department of Computer Engineering, University of Patras, Patras, Greece; Advanced Technology Section of Intrasoft S. A., Athens, Greece",IEEE Transactions on Computers,"6 Aug 2002","1992","41","4","411","419","The fundamental theory of t-error correcting, k-error detecting, and d-unidirectional error detecting codes with d>k>t (t-EC/k-ED/d-UED codes) is presented. The authors give a family of methods for designing systematic t-EC/k-ED/d-UED codes, with d>k>t, and they reveal the methods which give the more efficient, with respect to redundancy, codes for the various values of t, k, and d. The error detection and correction algorithm is also presented.<>","1557-9956","","10.1109/12.135553","","https://ieeexplore.ieee.org/stamp/stamp.jsp?arnumber=135553","","Error correction codes;Computer errors;Decoding;Error correction;Fault detection;Circuit faults;Delay;Hardware;Design methodology;Redundancy","","5","","30","IEEE","6 Aug 2002","April 1992","","IEEE","IEEE Journals"
"Type IV self-dual codes over rings","S. T. Dougherty; P. Gaborit; M. Harada; A. Munemasa; P. Sole","Department of Mathematics, University of Scranton, Scranton, PA, USA; INRIA, Department of Mathematics, University of Illinois, Chicago, IL, USA; Department of Mathematical Sciences, Yamagata University, Yamagata, Japan; Graduate School of Mathematics, Kyushu University, Fukuoka, Japan; CNRS-I3S, ESSI, France",IEEE Transactions on Information Theory,"6 Aug 2002","1999","45","7","2345","2360","We study Type IV self-dual codes over the commutative rings of order 4. Gleason-type theorems of Type IV codes and their shadow codes are investigated. A mass formula of Type IV codes over these rings are given. We give a classification of Type TV codes over Z/sub 4/ and F2+uF/sub 2/ for reasonable lengths. We also construct a number of optimal Type TV codes.","1557-9654","","10.1109/18.796375","","https://ieeexplore.ieee.org/stamp/stamp.jsp?arnumber=796375","","Dual codes","","69","","34","IEEE","6 Aug 2002","Nov. 1999","","IEEE","IEEE Journals"
"Design and performance of block-coded modulation for digital microwave radio systems","A. Chouly; H. Sari","Laboratoires d'Electronique Philips, Limeil-Brevannes, France; Societe Anonymede Telecommunications, Paris, France",IEEE Transactions on Communications,"6 Aug 2002","1990","38","5","727","733","Two block-coded modulation (BCM) families particularly suited for high-capacity digital microwave radio systems are presented. The first family is based on one-step partitioning, and the second family is based on two-step partitioning of the signal constellation. The alphabet expansion is a decreasing function of the block length, and the constellation is constructed in such a way as to minimize both the average and peak signal powers. Using short block lengths, specific modulation schemes are described that transmit 4, 6, and 8 information bits per symbol. The asymptotic coding gain is only on the order of 2 dB in the first family, and of 3 dB in the second family, but their detection simplicity makes the presented BCM schemes particularly attractive for high-speed applications where trellis-coded modulation (TCM) decoders may be difficult to implement.<>","1558-0857","","10.1109/26.54987","","https://ieeexplore.ieee.org/stamp/stamp.jsp?arnumber=54987","","Digital modulation;Constellation diagram;Modulation coding;Modems;Multidimensional systems;AWGN;Convolutional codes;Code standards;Telephony;Power generation economics","","11","","15","IEEE","6 Aug 2002","May 1990","","IEEE","IEEE Journals"
"Weight enumerators of more irreducible cyclic binary codes","R. L. Ward","National Security Agency, Laurel, MD, USA",IEEE Transactions on Information Theory,"6 Aug 2002","1993","39","5","1701","1709","The weight enumerators of all nondegenerate irreducible cyclic binary (n, k) codes have been computed for which k>27 and N=(2/sup k-1/)/n<500. The methods used are those developed by McEliece and further expanded by Ward and Segar (1986), using algebraic number theory and Stickelberger's theorem.<>","1557-9654","","10.1109/18.259661","","https://ieeexplore.ieee.org/stamp/stamp.jsp?arnumber=259661","","Binary codes;Error correction codes;National security;US Government;Protection;Polynomials;Lattices;Jacobian matrices","","2","","2","IEEE","6 Aug 2002","Sept. 1993","","IEEE","IEEE Journals"
"Techniques of bounding the probability of decoding error for block coded modulation structures","H. Herzberg; G. Poltyrev","Department of Electrical Engineering-Systems, Tel-Aviv University, Ramat-Aviv, Israel; Department of Electrical Engineering-Systems, Tel-Aviv University, Ramat-Aviv, Israel",IEEE Transactions on Information Theory,"6 Aug 2002","1994","40","3","903","911","Two techniques for upper bounding the average probability of decoding error in coded modulation structures are presented. The first bound, which is applicable to the additive white Gaussian noise (AWGN) channel, is tighter than the well-known union bound and the minimum distance bound, especially for low signal to noise ratio. It is shown that for the Leech lattice this upper bound is very close to a sphere lower bound. For the second upper bound, which is applicable to any memoryless channel (not necessarily AWGN), a method of random coset coding is presented. For the AWGN channel, a tighter upper bound is obtained by employing the method of random coset coding for calculating the average spectrum of distances of the code, which is required for the computation of the first upper bound.<>","1557-9654","","10.1109/18.335901","","https://ieeexplore.ieee.org/stamp/stamp.jsp?arnumber=335901","","Decoding;Modulation coding;Upper bound;Signal to noise ratio;Probability;Lattices;Absorption;Memoryless systems;AWGN channels;Signal design","","65","","17","IEEE","6 Aug 2002","May 1994","","IEEE","IEEE Journals"
"Trellis-coded constant-envelope modulations with linear receivers","H. Sari; G. Karam; V. Paxal; K. Maalej","Division TéIécommunications, SAT Telecommunications, Paris, France; Division TéIécommunications, SAT Telecommunications, Paris, France; Division TéIécommunications, SAT Telecommunications, Paris, France; Division TéIécommunications, SAT Telecommunications, Paris, France",IEEE Transactions on Communications,"6 Aug 2002","1996","44","10","1298","1307","We present two multilevel constant-envelope continuous-phase modulation (CPM) schemes with four-dimensional (4-D) trellis coding. The receiver is composed of a simple quadrature demodulator, followed by a symbol-rate sampler and a Viterbi decoder matched to the code trellis. The first modulation is a quaternary CPM scheme whose phase transitions over a symbol interval are those of /spl pi//4-shift quaternary phase-shift keying (QPSK). The demodulator filter is optimized so as to minimize the combined effect of intersymbol interference (ISI) and noise at the decision instants. We use Wei's (1987) 16-state 4-D trellis code, and redefine the set partitioning tree so as to maintain the same minimum distance between parallel transitions as in quadrature amplitude modulation (QAM) signal sets. The resulting modulation outperforms minimum-shift keying (MSK) by as much as 3.5 dB, in addition to reducing the 30-dB signal bandwidth by 20%. Next, we introduce an octonary (8-level) CPM scheme whose phase transitions are those of /spl pi//8-shift 8PSK. The same trellis code and receive filter optimization are also applied to this modulation which is shown to achieve better error rate performance than MSK, while saving some 60% of the transmitted signal bandwidth.","1558-0857","","10.1109/26.539770","","https://ieeexplore.ieee.org/stamp/stamp.jsp?arnumber=539770","","Modulation coding;Demodulation;Filters;Intersymbol interference;Convolutional codes;Quadrature amplitude modulation;Bandwidth;Viterbi algorithm;Decoding;Phase modulation","","6","","16","IEEE","6 Aug 2002","Oct. 1996","","IEEE","IEEE Journals"
"A phase assignment method for virtual-wire-based hardware emulation","Hsiao-Pin Su; Youn-Long Lin","Department of Computer Science, Tsinghua University, Hsinchu, Taiwan; Department of Computer Science, Tsinghua University, Hsinchu, Taiwan",IEEE Transactions on Computer-Aided Design of Integrated Circuits and Systems,"6 Aug 2002","1997","16","7","776","783","In a hardware emulator consisting of multiple field-programmable gate arrays (FPGAs), the utilization of the FPGA logic resource is usually very low due to the limitation on the number of I/O pins. Virtual wire technology not only increases the inter-FPGA communication capability, but it also increases the logic resource utilization by means of time division multiplexing (TDM). TDM allows one physical wire to be shared by multiple logical wires. For TDM to be effective, each transportation of an inter-FPGA signal must be carefully assigned to a slot of the time division. In this note, we show that the phase assignment problem is exactly same as the resource-constrained operation scheduling problem. We adopt the static-list scheduling heuristic for the task, and present some experimental results on a set of benchmark circuits from the MCNC. The experiments show that the proposed method can increase the number of effective I/O pins as many as ten times.","1937-4151","","10.1109/43.644040","","https://ieeexplore.ieee.org/stamp/stamp.jsp?arnumber=644040","","Hardware;Emulation;Time division multiplexing;Field programmable gate arrays;Logic arrays;Pins;Wire;Resource management;Road transportation;Circuits","","5","2","19","IEEE","6 Aug 2002","July 1997","","IEEE","IEEE Journals"
"Throughput analysis of the go-back-N protocol in fading radio channels","W. Turin","AT and T Laboratories Research, Shannon Laboratory, Florham Park, NJ, USA",IEEE Journal on Selected Areas in Communications,"6 Aug 2002","1999","17","5","881","887","We derive a formula for calculating the throughput efficiency of the go-back-N (GBN) protocol when error sources in the forward and backward channels are modeled by a hidden Markov model. The result is presented in the matrix form which makes it applicable to models with any number of states. We consider also the relationship between bit-level and block-level models and obtain the probability distribution of the time that a message spends in the system.","1558-0008","","10.1109/49.768202","","https://ieeexplore.ieee.org/stamp/stamp.jsp?arnumber=768202","","Throughput;Protocols;Fading;Hidden Markov models;Automatic repeat request;Feedback;Delay;Digital communication;Image coding;Speech","","19","1","32","IEEE","6 Aug 2002","May 1999","","IEEE","IEEE Journals"
"Modeling sound generation in stenosed coronary arteries","J. . -Z. Wang; B. Tie; W. Welkowitz; J. L. Semmlow; J. B. Kostis","Department of biomedical engineering, State University of New Jersey, Rutgers, Piscataway, NJ, USA; Department of biomedical engineering, State University of New Jersey, Rutgers, Piscataway, NJ, USA; Dept. of Biomed. Eng., Rutgers Univ., Piscataway, NJ, USA; Department of biomedical engineering, State University of New Jersey, Rutgers, Piscataway, NJ, USA; Division of cardiovascular diseases and hypertension, Robert Wood Johnson Medical School-UMDNJ, New Brunswick, NJ, USA",IEEE Transactions on Biomedical Engineering,"6 Aug 2002","1990","37","11","1087","1094","Acoustic measurements obtained from sensitive microphones placed on the chest are used in a procedure to noninvasively diagnose coronary artery disease. Utilizing specially developed signal processing techniques, the spectral content of isolated diastolic heart sounds has been estimated, and these sounds usually show an increase in high-frequency components in patients with occlusive coronary arteries. In order to establish a theory for the origin of these spectral features, a sound source model has been developed which combines an incremental network model of the left coronary artery tree with a transfer function model describing arterial chamber resonant characteristics. The network model predicts flow in both normal and stenosed coronary arteries. From this flow information, the arterial chamber transfer function model predicts the development of acoustic signals from the chamber resonant characteristics. The transfer function of a segment of coronary artery demonstrates two resonance frequencies. These resonance frequencies depend on the length and diameter of the chamber segment, as well as on the distal hydraulic impedance loading the segment.<>","1558-2531","","10.1109/10.61034","","https://ieeexplore.ieee.org/stamp/stamp.jsp?arnumber=61034","","Arteries;Resonance;Transfer functions;Predictive models;Resonant frequency;Acoustic measurements;Microphones;Coronary arteriosclerosis;Acoustic signal processing;Heart","Coronary Circulation;Coronary Disease;Heart Sounds;Humans;Models, Cardiovascular;Predictive Value of Tests;Signal Processing, Computer-Assisted","55","11","23","IEEE","6 Aug 2002","Nov. 1990","","IEEE","IEEE Journals"
"Early detection and trellis splicing: reduced-complexity iterative decoding","B. J. Frey; F. R. Kschischang","Beckman Institute for Advanced Science and Technology, University of Illinois, Urbana-Champaign, Urbana, IL, USA; Department of Electrical and Computer Engineering, University of Toronto, Toronto, ONT, Canada",IEEE Journal on Selected Areas in Communications,"6 Aug 2002","1998","16","2","153","159","The bit-error rate (BER) performance of new iterative decoding algorithms (e,g,, turbodecoding) is achieved at the expense of a computationally burdensome decoding procedure. We present a method called early detection that can be used to reduce the computational complexity of a variety of iterative decoders. Using a confidence criterion, some information symbols, state variables, and codeword symbols are detected early on during decoding. In this way, the computational complexity of further processing is reduced with a controllable increase in the BER. We present an easily implemented instance of this algorithm, called trellis splicing, that can be used with turbodecoding. For a simulated system of this type, we obtain a reduction in the computational complexity of up to a factor of four, relative to a turbodecoder that obtains the same increase in the BER by performing fewer iterations.","1558-0008","","10.1109/49.661104","","https://ieeexplore.ieee.org/stamp/stamp.jsp?arnumber=661104","","Splicing;Iterative decoding;Bit error rate;Computational complexity;Iterative algorithms;Iterative methods;Entropy;Computational modeling;Clamps;Monitoring","","36","6","","IEEE","6 Aug 2002","Feb. 1998","","IEEE","IEEE Journals"
"A cell loss recovery method using FEC in ATM networks","H. Ohta; T. Kitami","NTT Transmission Systems Laboratories, Kanagawa, Japan; Department of Electronics and Communication, Meiji University, Kanagawa, Japan",IEEE Journal on Selected Areas in Communications,"6 Aug 2002","1991","9","9","1471","1483","A cell loss recovery method to be applied to the virtual paths (VPs) of asynchronous transfer mode (ATM) networks is introduced. The method uses forward error correction (FEC). Its advantages over conventional methods on virtual circuits (VCs) include reduced coding/decoding delays and facility sharing. In addition to consecutive cell loss compensation, another feature of this method is that cell loss compensation facilities are only required at VP terminating nodes. When a cell is discarded due to buffer overflow, successive cells also tend to be discarded. Performance estimations show an outstanding reduction in cell loss rate.<>","1558-0008","","10.1109/49.108684","","https://ieeexplore.ieee.org/stamp/stamp.jsp?arnumber=108684","","Intelligent networks;Asynchronous transfer mode;Forward error correction;Degradation;B-ISDN;Tin;Bit rate;Circuits;Decoding;Delay","","82","16","18","IEEE","6 Aug 2002","Dec. 1991","","IEEE","IEEE Journals"
"Design, analysis, and evaluation of concurrent checking sorting networks","K. Kantawala; D. L. Tao","Stony Brook University, Stony Brook, NY, US; NA",IEEE Transactions on Very Large Scale Integration (VLSI) Systems,"6 Aug 2002","1997","5","3","338","343","In this brief, we propose two new concurrent error-detection (CED) schemes for a class of sorting networks, e.g., odd-even transposition, bitonic, and perfect shuffle sorting networks. A probabilistic method is developed to analyze the fault coverage, and the hardware overhead is evaluated. We first propose a CED scheme by which all errors caused by single faults in a concurrent checking sorting network can be detected. This scheme is the first one available to use significantly less hardware overhead than duplication without compromising throughput. From this scheme, we develop another fault detection scheme which sharply reduces the hardware overhead (using an additional 10%/spl sim/30% hardware) but still achieves virtually 1001 fault coverage.","1557-9999","","10.1109/92.609877","","https://ieeexplore.ieee.org/stamp/stamp.jsp?arnumber=609877","","Sorting;Circuit faults;Hardware;Very large scale integration;Fault detection;Throughput;Electrical fault detection;Data processing;Signal processing;Fault tolerance","","1","","17","IEEE","6 Aug 2002","Sept. 1997","","IEEE","IEEE Journals"
"Fault tolerant VLSI systems","M. Peercy; P. Banerjee","Center of Reliable and High-Performance Computing, Coordinated Science Laboratory, University of Illinois, Urbana-Champaign, Urbana, IL, USA; Center of Reliable and High-Performance Computing, Coordinated Science Laboratory, University of Illinois, Urbana-Champaign, Urbana, IL, USA",Proceedings of the IEEE,"6 Aug 2002","1993","81","5","745","758","A wide variety of fault tolerance techniques for VLSI technology are examined. Device-, gate-, and function-levels fault models are described. The basic methods available to the designer of fault tolerance measures are introduced by surveying redundancy techniques. Techniques of fault detection that use space, time, and information redundancies, algorithm-based fault tolerance, in VLSI components, large-scale processor-level implementations of fault detection, fault tolerance in automated VLSI production systems are discussed. Reconfiguration of the system and recovery of system operation are described. Issues relating to the reconfiguration after discovery of a fault in fabrication or in operation are discussed. Recovery capabilities of a VLSI microprocessor are reviewed.<>","1558-2256","","10.1109/5.220905","","https://ieeexplore.ieee.org/stamp/stamp.jsp?arnumber=220905","","Fault tolerant systems;Very large scale integration;Fault tolerance;Space technology;Redundancy;Fault detection;Large-scale systems;Production systems;Fabrication;Microprocessors","","25","2","37","IEEE","6 Aug 2002","May 1993","","IEEE","IEEE Journals"
